4363 ARGON T-RACK S Ł.ŁAMANY;42;4363;5902553214376
4364 ARGON T-RACK S. Ł.PROSTY;0;4364;5902553214383
4366 ARGON T- RACK;8;4366;5902553214406
4367 ARGON T-RACK - LEWY;166;4367;5902553214413
4368 ARGON T-RACK;0;4368;5902553214420
4369 ARGON T-RACK;363;4369;5902553214437
4370 ARGON T-RACK;42;4370;5902553214444
4380 ARGON T-RACK;7;4380;5902553214451
4670 ARGON T-RACK - PRAWY;97;4670;5902553222128
ABSTRACT 1695;13;1695;5902553212204
ABSTRACT 1696;13;1696;5902553212211
AIDA 4337;4;4337;5902553213997
AIDA 4339;4;4339;5902553214017
AKRON 1036;32;1036;5902553222173
AKRON 1037;21;1037;5902553222180
AKRON 1038;22;1038;5902553222197
AKRON 1039;37;1039;5902553222203
ALABAMA 3877;11;3877;5902553207156
ALABAMA 822;1;822;5902553207163
ALMADA 4231;3;4231;5902553212235
ALMADA 4232;8;4232;5902553212242
ALMADA 4233;1;4233;5902553212259
ALMADA 4234;0;4234;5902553212266
ALMERIA 4206 ZWIS 1PŁ.;2;4206;5902553212075
ALORA 1345;5;1345 ;5902553205275
ALTEA 1451;2;1451;5902553216837
ALTEA 1452;3;1452;5902553216875
ALTEA 4071;3;4071;5902553210330
ALTEA 4072;2;4072;5902553216844
ALTEA 4073;7;4073;5902553210347
ALTEA 4074;11;4074;5902553216851
ALTEA 861;2;861;5902553216820
ALTEA 862 - MODYFIKACJA: KOLOR SZAŁWIA;0;862;5902553216868
ALTO 4749;0;4749;5902553223163
ALTO 4749 BZ;10;4749 BZ;5902553223767
ALTO 4750;8;4750;5902553223170
ALTO 4750 BZ;0;4750 BZ;5902553223774
ALTO 4751;10;4751;5902553223187
ALTO 4751 BZ;15;4751 BZ;5902553223781
AMADORA 1449;0;1449;5902553210316
AMADORA 4067;12;4067;5902553210279
AMADORA 4068;17;4068;5902553210286
AMADORA 4069;13;4069;5902553210293
AMARETTO 3293;1;3293;5908259951164
AMARYLIS 4095;9;4095;5902553210866
AMAZONKA 3028;16;3028 ;5908259944142
AMAZONKA 3029;18;3029;5908259944159
AMAZONKA 3030;14;3030;5908259944166
AMAZONKA 3031;6;3031;5908259944609
AMAZONKA 3033;0;3033;5908259944623
AMAZONKA 3034;7;3034 ;5908259944630
AMAZONKA 3035;3;3035;5908259944647
ANCORA 237;19;237;5908259938691
ANDROS 1297;4;1297;5902553203318
ANDROS 1299;4;1299;5902553203349
ANDROS 1300;0;1300;5902553203356
ANDROS 1340;5;1340;5902553205312
ANDROS 1341;7;1341;5902553205305
ANDROS 3589;20;3589;5902553203301
ANDROS 3590;4;3590;5902553203332
ARCONA 3477;57;3477;5902553201239
ARIZONA 1663 4000 K;2;1663;5902553207224
ARIZONA 1664;0;1664;5902553207262
ARIZONA 3823;5;3823;5902553207194
ARIZONA 3824;16;3824;5902553207200
ARIZONA 3827;3;3827;5902553207231
ARIZONA 3828;48;3828;5902553207248
ARIZONA 823;0;823;5902553207217
ARIZONA 824;5;824;5902553207255
ARKADIA 1314;3;1314;5902553204001
ARKADIA 1315;2;1315;5902553204018
ARKADIA 3625;11;3625;5902553203967
ARKADIA 3626;3;3626;5902553203974
ARKADIA 779;5;779;5902553203998
ASPEN 1644;8;1644;5902553218404
ASPEN 1645;2;1645;5902553218411
ASPEN 1646;17;1646;5902553218428
ASPEN 1649;1;1649;5902553218459
ASPEN 3733;0;3733;5902553218497
ASPEN 3734;4;3734;5902553218503
ASPEN 3735;65;3735;5902553218510
ASPEN 799;3;799;5902553218374
ASPEN 800;2;800;5902553218381
ASPEN 801;4;801;5902553218398
ASPEN 802;0;802;5902553218466
ASPEN 803;0;803;5902553218473
ASTER 3357;0;3357;5908259933405
ASTER 3420;0;3420;5902553200218
ASTER 3421;5;3421;5902553200225
ASTI 3846;0;3846;5902553206654
ASTI 3847;4;3847;5902553206661
ASTI 3848;0;3848;5902553206975
ASTI 3849;0;3849;5902553206982
ASTI 3850;1;3850;5902553206999
ASTI 3851;5;3851;5902553207002
ATLANTIS 4050;3;4050;5902553209891
ATLANTIS 4051;21;4051;5902553209907
ATLANTIS 4077;19;4077;5902553210378
ATLANTIS 4078;21;4078;5902553210385
AURORA 4111;9;4111;5902553210897
AUSTIN 4712;0;4712;5902553222210
AUSTIN 4713;20;4713;5902553222227
AUSTIN 4714;4;4714;5902553222234
AUSTIN 4715;0;4715;5902553222241
AUSTIN 4720;0;4720;5902553222258
AUSTIN 4721;2;4721;5902553222265
AVEIRO 4292;6;4292;5902553213072
AVILA 1149;7;1149;5908259942797
AVILA 1151;5;1151;5908259942834
AVILA 2037;7;2037;5908259942803
AVILA 2038;1;2038;5908259942827
AVILA 2039;10;2039;5908259942841
AVILA 2040;24;2040;5908259942865
AVILA 3716;40;3716;5908259951751
AVILA 3732;7;3732;5908259951744
BALI 3581;31;3581 ;5902553203103
BALTIMORE 4675;8;4675;5902553222296
BALTIMORE 4676;12;4676;5902553222302
BANG 4307;13;4307;5902553214109
BANG 4308;13;4308;5902553214116
BARBADOS 3248;17;3248;5908259950662
BARCELONA 1101;6;1101;5908259940243
BARCELONA 1104;0;1104;5908259940755
BARCELONA 2029;29;2029;5908259940250
BARCELONA 2030;14;2030;5908259940762
BARCELONA 297;90;297;5908259940267
BEJA 4235;21;4235;5902553212273
BEJA 4236;129;4236;5902553212280
BEJA 4359;22;4359;5902553214024
BEJA 4360;8;4360;5902553214031
BEJA 4361;40;4361;5902553214055
BEJA 4362;64;4362;5902553214062
BELIZE 3692;8;3692 ;5902553205367
BELIZE 3695;17;3695 ;5902553205374
BELIZE 3704;20;3704 ;5902553205381
BELLA 1495;6;1495;5902553213386
BELLA 1496;0;1496;5902553213393
BELLA 1497;4;1497;5902553213409
BERGEN 4304;14;4304;5902553214185
BERGEN 4305;16;4305;5902553214192
BERGEN 4306;8;4306;5902553214208
BERKLEY 4689;0;4689;5902553222340
BERKLEY 4690;0;4690;5902553222326
BERKLEY 4697;0;4697;5902553222364
BEVERLY 4680;10;4680;5902553222388
BEVERLY 4681;10;4681;5902553222401
BEVERLY 4682;4;4682;5902553222425
BEVERLY 4683;17;4683;5902553222449
BEVERLY 4687;32;4687;5902553222463
BEVERLY 4688;7;4688;5902553222487
BEVERLY 4704;9;4704;5902553222371
BEVERLY 4705;1;4705;5902553222395
BEVERLY 4706;10;4706;5902553222418
BEVERLY 4707;13;4707;5902553222432
BEVERLY 4708;4;4708;5902553222456
BEVERLY 4709;28;4709;5902553222470
BILBAO 4203;7;4203;5902553212099
BILBAO 4204;0;4204;5902553212105
BILL 1040;9;1040;5902553223224
BILL 1041;0;1041;5902553223729
BILL 1042;15;1042;5902553223736
BILL 1043;0;1043;5902553223743
BILL 1051;5;1051;5902553223231
BILL 1053;0;1053;5902553223750
BODRUM 1251;0;1251;5902553202137
BODRUM 1252;0;1252;5902553202144
BODRUM 1253;1;1253;5902553202151
BOLZANO 1381;3;1381;5902553206678
BOLZANO 1382;1;1382;5902553206685
BOLZANO 1383;0;1383;5902553206692
BOLZANO 2074;0;2074;5902553207019
BOLZANO 2075;0;2075;5902553207026
BOLZANO 2076;1;2076;5902553207033
BOLZANO 3908;7;3908;5902553207040
BOLZANO 3909;5;3909;5902553207057
BOLZANO 3910;9;3910;5902553207064
BOLZANO PLUS 2104;0;2104;5902553222852
BOLZANO PLUS 2108;1;2108;5902553222821
BOLZANO PLUS 2110;0;2110;5902553223262
BOLZANO PLUS 4725;11;4725;5902553222807
BOLZANO PLUS 4726;4;4726;5902553222838
BOLZANO PLUS 4760 KINKIET BIAŁY ABAżur;6;4760;5902553223248
BOLZANO PLUS 6107;0;6107;5902553222814
BOLZANO PLUS 6108;4;6108;5902553222845
BOLZANO PLUS 6114;2;6114;5902553223255
BUFFALO 4678;14;4678;5902553222494
BUFFALO 4679;1;4679;5902553222500
BURGOS 1465;12;1465;5902553212297
BURGOS 1466;4;1466;5902553212303
BURGOS 1467;5;1467;5902553212310
BURGOS 4211;51;4211;5902553212327
BURGOS 4212;10;4212;5902553212334
BURGOS 4213;15;4213;5902553212341
CADIZ 1464;0;1464;5902553212112
CALIGARI 3913;1;3913;5902553206715
CALIGARI 3914;7;3914;5902553206722
CALVADOS 3186;13;3186;5908259947280
CALVADOS 3187;3;3187;5908259947297
CALVADOS 3188;0;3188;5908259947303
CALVADOS 3189;0;3189;5908259947310
CALVIA 4241;0;4241;5902553212358
CALVIA 4242;8;4242;5902553212365
CALVIA 4243;7;4243;5902553212372
CALVIA 4244;0;4244;5902553212389
CALVIA 4245;1;4245;5902553212396
CAMELOT 1224;36;1224;5908259933337
CAMELOT 2053;0;2053;5908259933344
CAMELOT 3358;10;3358;5908259932910
CAMERON 5041;2;5041;5902553223279
CAMERON 5043;2;5043;5902553223286
CASTELLO 1124;0;1124;5908259942087
CASTELLO 1125;0;1125;5908259942100
CASTELLO 2514;0;2514;5908259942094
CASTELLO 2515;0;2515;5908259942117
CASTELLO 624;4;624;5908259942421
CASTELLO 625;1;625;5908259942438
CEJLON 1179;0;1179;5908259944272
CEJLON 1181;7;1181;5908259944890
CEJLON 1182;0;1182;5908259944906
CEJLON 1568;0;1568;5908259944289
CEJLON 1570;0;1570;5908259944920
CEJLON 1571;3;1571;5908259944937
CEJLON 3066;49;3066;5908259944821
CEJLON 3067;2;3067;5908259944838
CEJLON 3068;21;3068;5908259944845
CEJLON 646;14;646;5908259944852
CEJLON 647;6;647;5908259944869
CEJLON 648;16;648;5908259944876
CELIA 4249;5;4249;5902553212402
CELIA 4250;4;4250;5902553212419
CELIA 4251;10;4251;5902553212426
CELIA 4252;1;4252;5902553212433
CELIA 4253;4;4253;5902553212440
CHARLOTTE 4684;8;4684;5902553222524
CHARLOTTE 4685;10;4685;5902553222548
CHARLOTTE 4686;22;4686;5902553222562
CHARLOTTE 4699;21;4699;5902553222517
CHARLOTTE 4700;4;4700;5902553222531
CHARLOTTE 4701;36;4701;5902553222555
CHICAGO 1030;0;1030;5902553222579
CLAVA 1694;5;1694;5902553212471
CLAVA 4270;1;4270;5902553212495
CLAVA 4274;1;4274;5902553212488
CLAVA 4275;4;4275;5902553212457
CLAVA 897;0;897;5902553212464
CLEVLAND 1031;0;1031;5902553222609
CLEVLAND 1031 BZ;0;1031 BZ;5902553223811
CLEVLAND 1032;0;1032;5902553222647
CLEVLAND 1032 BZ;2;1032 BZ;5902553223859
CLEVLAND 4691;0;4691;5902553222623
CLEVLAND 4691 BZ;4;4691 BZ;5902553223835
CLEVLAND 4692;4;4692;5902553222586
CLEVLAND 4692 BZ;18;4692 BZ;5902553223798
CLEVLAND 4702;1;4702;5902553222593
CLEVLAND 4702 BZ;7;4702 BZ;5902553223804
CLEVLAND 4703;10;4703;5902553222630
CLEVLAND 4703 BZ;21;4703 BZ;5902553223842
CLEVLAND 6100;0;6100;5902553222616
CLEVLAND 6100 BZ;0;6100 BZ;5902553223828
CLEVLAND 6101;0;6101;5902553222654
CLEVLAND 6101 BZ;1;6101 BZ;5902553223866
COMO 1356;3;1356;5902553219296
COMO 3797;3;3797;5902553219289
CORSO 1376;3;1376;5902553207446
CORSO 1377;0;1377;5902553207453
CORSO 1378;0;1378;5902553207460
CORSO 2077;3;2077;5902553207477
CORSO 2078;1;2078;5902553207484
CORSO 2079;0;2079;5902553207491
CORSO 3834;8;3834;5902553207415
CORSO 3835;7;3835;5902553207422
CORSO 3836;0;3836;5902553207439
CORSO 3878;0;3878;5902553207354
CORSO 3879;6;3879;5902553207361
CORSO 3880;0;3880;5902553207378
CORSO 3881;19;3881;5902553207385
CORSO 3882;22;3882;5902553207392
CORSO 3883;5;3883;5902553207408
COSMO 413;54;413;5908259942902
CRUZ 1462 ZWIS 3PŁ. KOŁO;0;1462;5902553212181
CRUZ 4198;0;4198;5902553212167
CRUZ 4199 KINKIET 1PŁ;0;4199;5902553212174
DARLING 1186;0;1186;5908259945279
DARLING 1187;36;1187;5908259945286
DARLING 1188;1;1188;5908259945293
DARLING 1222;14;1222;5908259934167
DARLING 1223;16;1223;5908259934143
DARLING 1458;0;1458;5902553211016
DARLING 2081;5;2081;5902553211023
DARLING 2082;0;2082;5902553210972
DARLING 2083;6;2083;5902553210934
DARLING 2084;0;2084;5902553210958
DARLING 2533;2;2533;5902553211030
DARLING 2534;16;2534;5902553210989
DARLING 2535;2;2535;5902553210941
DARLING 2536;11;2536;5902553210965
DARLING 3080;52;3080;5908259945330
DARLING 3081;0;3081;5908259945347
DARLING 3082;0;3082;5908259945354
DARLING 3083;113;3083;5908259945361
DARLING 3349;1;3349;5908259934310
DARLING 3350;14;3350;5908259934280
DARLING 3351;14;3351;5908259933979
DARLING 3352;0;3352;5908259933955
DARLING 3566;1;3566;5902553201789
DARLING 3567;0;3567;5902553201796
DARLING 3568;3;3568;5902553201802
DARLING 3569;2;3569;5902553201819
DARLING 3570;1;3570;5902553201826
DARLING 3571;0;3571;5902553201833
DARLING 659;13;659;5908259945309
DARLING 660;3;660;5908259945316
DARLING 661;0;661;5908259945323
DARLING 871;0;871;5902553210996
DARLING 872;0;872;5902553211009
DARLING 873;0;873;5902553211047
DECORATO 4046;26;4046;5902553209785
DECORATO 4047;6;4047;5902553209792
DECORATO 853;4;853;5902553209686
DECORATO 854;11;854;5902553209693
DEGONI 384;0;384;5908259942407
DELF 4303;8;4303;5902553214284
DELF 4318;3;4318;5902553214291
DEPORTIVO 4741;26;4741;5902553223293
DEPORTIVO 4742;12;4742;5902553223309
DETROIT 4734;0;4734;5902553222869
DETROIT 4735;0;4735;5902553222876
DETROIT 4736;0;4736;5902553222883
DIANA 2054;7;2054;5908259931777
DIXI 3339;16;3339 ;5902553200348
DORIA 4256;13;4256;5902553212501
DORIA 4257;11;4257;5902553212518
DORIA 4258;6;4258;5902553212532
DORIA 4259;33;4259;5902553212549
DORIA 4264;58;4264;5902523212562
DORIA 4265;52;4265;5902553212570
DORIA 4271;23;4271;5902553212556
DORIA 4276;34;4276;5902553212525
DORIA 4315;29;4315;5902553213416
DORIA 6006;0;6006;5902553215021
DORIA 6007;4;6007;5902553215045
DORIA 6008;1;6008;5902553215069
DORIA 925;6;925;5902553215014
DORIA 926;0;926;5902553215038
DORIA 927;23;927;5902553215052
DOVER 4673;13;4673;5902553222272
DOVER 4674;0;4674;5902553222289
DŻERBA 1301;2;1301;5902553203448
DŻERBA 1302;2;1302;5902553203455
DŻERBA 1303;0;1303;5902553203462
DŻERBA 3593;9;3593;5902553203387
DŻERBA 3595;6;3595;5902553203400
DŻERBA 766;6;766;5902553203417
DŻERBA 767;7;767;5902553203424
DŻERBA 768;5;768;5902553203431
ELBRUS 4319;72;4319;5902553214123
ELBRUS 4320;0;4320;5902553214130
ELBRUS 4330;33;4330;5902553214147
ELBRUS 4353;29;4353;5902553214154
ELBRUS 4354;105;4354;5902553214161
ELBRUS 4355;11;4355;5902553214178
ERBA 1189;1;1189;5908259946191
ERBA 630;9;630;5908259943237
ERBA 631;14;631;5908259943244
ERBA 632;10;632;5908259943251
ERBA 633;0;633;5908259943268
ERBA 666;0;666;5908259946177
ERBA 667;2;667;5908259946160
ERBA BIS 3284;10;3284;5908259951058
ERBA BIS 3285;2;3285;5908259951065
ERBA BIS 3286;21;3286;5908259951096
ERBA BIS 3295;1;3295;5908259951188
ERBA BIS 3296;7;3296;5908259951195
ERBA BIS 3297;16;3297;5908259951225
ESPRESSO 1218;12;1218;5908259951379
ESPRESSO 1219;11;1219;5908259951386
ESPRESSO 1238;1;1238;5902553200089
ESPRESSO 1605;11;1605;5908259951409
ESPRESSO 1606;25;1606;5908259951416
ESPRESSO 1607;12;1607;5908259951423
ESPRESSO 1624;2;1624;5902553200119
ESPRESSO 3302;15;3302;5908259951317
ESPRESSO 3303;16;3303;5908259951324
ESPRESSO 3304;19;3304;5908259951331
ESPRESSO 3396;21;3396;5902553200034
ESPRESSO 719;8;719;5908259951348
ESPRESSO 720;18;720;5908259951355
ESPRESSO 735;0;735;5902553200041
ETNA 1317;6;1317;5902553204087
ETNA 1318;23;1318;5902553204094
ETNA 2062;2;2062;5902553204117
ETNA 2063;0;2063;5902553204124
ETNA 3605;4;3605;5902553203745
ETNA 3606;31;3606;5902553203752
ETNA 3607;1;3607;5902553203769
ETNA 3608;1;3608;5902553203776
ETNA 3610;0;3610;5902553203790
ETNA 3611;14;3611;5902553203806
ETNA 3613;1;3613;5902553203820
ETNA 3629;0;3629;5902553204056
ETNA 3630;0;3630;5902553204063
ETNA 5008 okrągła podsufitka;2;5008;5902553204148
ETNA 5009;2;5009;5902553204155
EUFRAT 3172;35;3172;5908259946795
EUFRAT 3182;37;3182;5908259946931
EUFRAT 3183;3;3183;5908259946955
EUFRAT 3185;0;3185;5908259946979
EUFRAT 3191;5;3191;5908259947334
EUFRAT 3192;1;3192;5908259947341
EUFRAT 3193;6;3193;5908259947358
EUFRAT 3194;21;3194;5908259947365
EUFRAT 3195;9;3195;5908259947372
EUFRAT 3196;0;3196;5908259947389
EUFRAT 3197;22;3197;5908259947396
EUFRAT 3294;1;3294;5908259951171
EUFRAT 3619;22;3619;5902553203905
EUFRAT 671;0;671;5908259947013
EUFRAT 676;0;676;5908259946948
EUFRAT 677;6;677;5908259946986
EUFRAT 678;3;678;5908259946993
EUFRAT 679;21;679;5908259947006
FARON 892;5;892;5902553212587
FARON 893;3;893;5902553212594
FERRARA 3541;42;3541 ;
FLAVIO 1413;2;1413;5902553208979
FLAVIO 1414;29;1414;5902553208986
FLAVIO 4004;0;4004;5902553208993
FLESZ 3399;52;3399 ;5902553200393
FLESZ 3400;16;3400 ;5902553200409
FOCUS 3942;15;3942;5902553206739
FOCUS 3943;1;3943;5902553206944
FOCUS 3944;11;3944;5902553206746
FOGO 1293;4;1293;5902553203264
FOGO 1296;7;1296;5902553203295
FOGO 3585;18;3585;5902553203189
FOGO 3587;5;3587;5902553203202
FOGO 762;1;762;5902553203226
FOGO 765;6;765;5902553203257
FORM 1701;1;1701;5902553213829
FORM 1702;4;1702;5902553213836
FORM 1703;0;1703;5902553213980
FOTO NEW 3354;0;3354;5908259933900
FOTO NEW 3355;0;3355;5908259933870
FOTO NEW 3356;0;3356;5908259933863
FOXY 1410;17;1410;5902553208856
FOXY 1411;13;1411;5902553208863
FOXY 1412;8;1412;5902553208870
FOXY 1421;0;1421;5902553209440
FOXY 1422;1;1422;5902553209457
FOXY 1423;2;1423;5902553209464
FREEMONT 1044;0;1044;5902553223316
FREEMONT 1045;0;1045;5902553223330
FREEMONT 1738;0;1738;5902553223323
FREEMONT 1742;7;1742;5902553223347
FREEMONT 2544;8;2544;5902553223354
FREEMONT 4722;1;4722;5902553223118
FREEMONT 4724;6;4724;5902553223101
FRIDA 3986;1;3986;5902553208665
FRIDA 839;1;839;5902553208696
FUDŻI 3622;16;3622;5902553203936
FUDŻI 3623;0;3623;5902553203943
FUDŻI 3624;6;3624;5902553203950
FUDŻI 3657;0;3657;5902553204513
FUDŻI 3658;6;3658;5902553204520
FUDŻI 3659;2;3659;5902553204537
FUDŻI 4058;41;4058;5902553210095
FUDŻI 4059;0;4059;5902553210101
GARDA 3798;6;3798;5902553219302
GARLAND 4710;0;4710;5902553222661
GARLAND 4710 BZ;0;4710 BZ;5902553223873
GARLAND 4711;0;4711;5902553222678
GARLAND 4711 BZ;0;4711 BZ;5902553223880
GASTON 3963;0;3963;5902553208139
GASTON 3964;0;3964;5902553208146
GASTON 3965;0;3965;5902553208153
GIN 3224;8;3224;5908259947167
GIN 694;34;694;5908259947846
GIRONA 1346;5;1346 ;5908259951768
GLEN 4677;22;4677;5902553222319
GLEN 4739;9;4739;5902553223361
GOMERA 1316;4;1316;5902553204049
GOMERA 1443;5;1443;5902553210422
GOMERA 3628;36;3628;5902553204032
GOMERA 4057;103;4057;5902553210040
GOMERA PLUS 4755;10;4755;5902553223378
GOMERA PLUS 4756;16;4756;5902553223408
GOMERA PLUS 6112;0;6112;5902553223415
GOMERA PLUS 6113;5;6113;5902553223385
HAITI 1640;1;1640 ;5902553205565
HAITI 3680;11;3680 ;5902553205534
HAITI 3681;10;3681 ;5902553205510
HAITI 3682;8;3682 ;5902553205497
HAITI 3684;1;3684;5902553205459
HAITI 3687;1;3687 ;5902553205480
HERMAN 1490;0;1490;5902553213454
HERMAN 1491;0;1491;5902553213461
HERMAN 4247;22;4247;5902553212600
HERMAN 4248;4;4248;5902553212617
HERMAN 4279;18;4279;5902553213430
HERMAN 4280;4;4280;5902553213423
HERMAN 4300;38;4300;5902553213447
HILARY 4081;0;4081;5902553211054
HILARY 4082;0;4082;5902553211061
HILARY 4083;0;4083;5902553211078
HILARY 4084;6;4084;5902553211085
HILARY 4085;10;4085;5902553211092
HILARY 4086;5;4086;5902553211108
HILARY 4087;0;4087;5902553211115
HILARY 4088;1;4088;5902553211122
HILARY 4089;10;4089;5902553211139
HILARY 4090;0;4090;5902553211146
HILARY 867;88;867;5902553210545
HILARY 868;0;868;5902553210552
HILARY 869;12;869;5902553210569
HILARY 870 abażur od ANCORY KIN.;0;870;5902553210576
HOLLYWOOD 2102;0;2102;5902553222692   
HOLLYWOOD 2103;1;2103;5902553222715
HOLLYWOOD 6102;0;6102;5902553222685
HOLLYWOOD 6103;0;6103;5902553222708
HORTA 4327;24;4327;5902553214253
HORTA 4328;93;4328;5902553214260
HORTA 4329;27;4329;5902553214277
HUGO 3745;4;3745;5902553218749
IRUN 4266;13;4266;5902553212778
IRUN 4267;1;4267;5902553212785
IRUN 4268;18;4268;5902553212792
IRUN 4269;25;4269;5902553212808
IRUN 4272;1;4272;5902553212815
IRUN 4273;8;4273;5902553212822
IRUN 4277;13;4277;5902553214949
IRUN 4278;52;4278;5902553212846
ITAKA 3535;4;3535;5902553202847
ITAKA 3536;14;3536;5902553202854
ITAKA 3537;1;3537;5902553202861
ITAKA 3538;7;3538;5902553202878
ITAKA 3539;18;3539;5902553202885
ITAKA 3540;4;3540;5902553202892
ITAKA 3728;6;3728;5902553206104
ITAKA 3729;10;3729;5902553206111
JACKSON 4698;6;4698;5902553222722
JAMAJKA 1326;4;1326;5902553204247
JAMAJKA 3650;2;3650;5902553204209
JAMAJKA 3651;7;3651;5902553204216
JAMAJKA 3652;3;3652;5902553204223
JAMAJKA 3653;4;3653;5902553204230
JASPER 1035;17;1035;5902553222890
JASPER 1050;15;1050;5902553223422
KALIMERA 1430;4;1430;5902553209662
KALIMERA 1431;7;1431;5902553209679
KALIMERA 4038;7;4038;5902553209709
KALIMERA 4039;3;4039;5902553209716
KALIMERA 4040;24;4040;5902553209723
KALIMERA 4041;8;4041;5902553209730
KALIMERA 4042;12;4042;5902553209747
KALIMERA 4043;3;4043;5902553209754
KAMA 485;4;485;5908259943985
KAMA 489;1;489;5908259944012
KAMA 490;1;490;5908259944036
KAMA 491;1;491;5908259944043
KAMA 493;2;493;5908259944340
KAMERUN 3620;2;3620;5902553203912
KAMERUN 3621;0;3621;5902553203929
KANSAS 1367;1;1367;5902553207545
KANSAS 1658;1;1658;5902553207552
KANSAS 1659;2;1659;5902553207590
KANSAS 3830;4;3830;5902553207569
KARIN 4291;17;4291;5902553213485
KARIN 4294;17;4294;5902553213539
KARIN 4295;3;4295;5902553213478
KARIN 4297;0;4297;5902553213492
KARIN 4301;0;4301;5902553213553
KARIN 4340;3;4340;5902553213508
KARIN 4341;1;4341;5902553213515
KARIN 4342;7;4342;5902553213522
KARIN 4343;9;4343;5902553213546
KARIN 898;7;898;5902553212853
KARIN 899;10;899;5902553212860
KARIN 900;0;900;5902553212877
KASER 4285;2;4285;5902553212891
KASER 4286;0;4286;5902553212914
KASER 4287;5;4287;5902553212921
KASER 4293;9;4293;5902553212907
KASER 4298;5;4298;5902553213577
KASER 4344;0;4344;5902553213560
KASER 901;2;901;5902553212884
KOLORADO 3154;14;3154 ;5908259946542
KOLORADO 3155;1;3155 ;5908259946559
KOLORADO 3160;9;3160 ;5908259946641
KONGO 3174;21;3174;5908259946818
KONGO 3175;20;3175;5908259946825
KONGO 3177;2;3177;5908259946849
KONGO 4160;5;4160;5902553211320
KONGO 4161;12;4161;5902553211344
KONGO 672;24;672;5908259946856
KONGO 673;18;673;5908259946863
KONGO 675;1;675;5908259946887
KONGO 875;9;875;5902553211337
KONGO 876;10;876;5902553211351
KOPERNIK 4023;20;4023;5902553209389
KOPERNIK 4024;14;4024;5902553209396
KOPERNIK 4025;4;4025;5902553209402
KOPERNIK 4026;12;4026;5902553209419
KOPERNIK 4027;0;4027;5902553209426
KOPERNIK 4028;0;4028;5902553209433
KOS 1260;5;1260;5902553202403
KOS 1261;4;1261;5902553202410
KOS 1262;13;1262;5902553202427
KOS 1263;2;1263;5902553202434
KOS 1264;15;1264 ;5902553202441
KOS 1270;20;1270 ;5902553202601
KOS 1273;14;1273 ;5902553202632
KOS 1308;0;1308;5902553203615
KOS 3518;3;3518;5902553202304
KOS 3519;1;3519;5902553202311
KOS 3520;4;3520;5902553202328
KOS 3521;15;3521;5902553202335
KOS 3522;19;3522 ;5902553202342
KOS 3527;6;3527 ;5902553202496
KOS 3600;0;3600;5902553203592
KOS 748;2;748;5902553202359
KOS 749;3;749;5902553202366
KOS 750;2;750;5902553202373
KOS 751;5;751;5902553202380
KOS 752;19;752 ;5902553202397
KOS 773;11;773;5902553203608
KRETA 1455;14;1455;5902553211160
KRETA 3627;63;3627;5902553204025
KRETA 4094;31;4094;5902553211153
LAGOS 1474;7;1474;5902553212013
LAGOS 1475;17;1475;5902553212020
LAGOS 1476;41;1476;5902553212037
LAGOS 1688;20;1688;5902553212044
LAGOS 1689;34;1689;5902553212051
LAGOS 1690;34;1690;5902553212068
LAGOS 4208;33;4208;5902553211955
LAGOS 4209;19;4209;5902553211962
LAGOS 4210;67;4210;5902553211979
LAGOS 889;0;889;5902553211986
LAGOS 890;41;890;5902553211993
LAGOS 891;11;891;5902553212006
LAGUNA 4091;8;4091;5902553210439
LAGUNA 4092;10;4092;5902553210446
LAGUNA 4093;31;4093;5902553210453
LANZAROTE 4017;0;4017;5902553209327
LANZAROTE 4018;0;4018;5902553209334
LANZAROTE 4019;9;4019;5902553209341
LAPATIO 3453;5;3453 ;5902553200683
LATINA 1434;5;1434;5902553209822
LATINA 1435;4;1435;5902553209839
LATINA 1436;0;1436;5902553209860
LATINA 4001;17;4001;5902553208917
LATINA 4002;4;4002;5902553208924
LATINA 4003;53;4003;5902553208931
LATINA 844;0;844;5902553208948
LATINA 845;0;845;5902553208955
LATINA 846;12;846;5902553208962
LAUDA 1171;1;1171;5908259943664
LAUDA 461;13;461;5908259943657
LILLE 3839;16;3839;5902553206753
LILLE 3840;7;3840;5902553206760
LINDOS 3412;22;3412;5902553200522
LINDOS 3413;68;3413;5902553200539
LINDOS 3416;19;3416;5902553200560
LINEA 1486;9;1486;5902553212938
LINEA 1693;3;1693;5902553212945
LINEA 4246;25;4246;5902553212952
LINEA 4281;3;4281;5902553213584
LIRANO 304;0;304;5908259940700
LIRANO 305;36;305;5908259940717
LIRANO 3931;0;3931;5902553206296
LIVIA 1416 - MODYFIKACJA LAMPA 2 PŁ.;0;1416;5902553209013
LIVIA 1417;0;1417;5902553209020
LIVIA 4029;3;4029;5902553209532
LIVIA 4030;22;4030;5902553209556
LIVIA 4031;8;4031;5902553209563
LIVIA 4032;3;4032;5902553209570
LOARA 3041;21;3041 ;5908259944661
LORENA  367;0;367;
LORENA 355;0;355;
LORENA 356;0;356;
LORENA 357;0;357;
LORENA 365;22;365;5908259941721
LORENA 366;30;366;
LUKKA 1379;1;1379;5902553207675
LUKKA 1380;0;1380;5902553207729
LUKKA 3889;0;3889;5902553207637
LUKKA 3890;0;3890;5902553207644
LUKKA 3891;6;3891;5902553207651
LUKKA 3892;3;3892;5902553207668
LUKKA 3893;0;3893;5902553207682
LUKKA 3894;5;3894;5902553207699
LUKKA 3895;4;3895;5902553207705
LUKKA 3896;0;3896;5902553207712
MAGIC 4125;0;4125;5902553211177
MAGIC 4126;1;4126;5902553211184
MAGIC 4127;0;4127;5902553211191
MAGIC 4128;0;4128;5902553211207
MAGIC 4129;1;4129;5902553211214
MAGIC 4130;0;4130;5902553211221
MAGIC 4131 nowy biały abażur;0;4131;5902553211238
MAGIC 4132;0;4132;5902553211245
MAGIC 4133;0;4133;5902553211252
MAGIC 4134;0;4134;5902553211269
MAGIC 4135;3;4135;5902553211276
MAGIC 4136;2;4136;5902553212839
MAJORKA 1427;15;1427;5902553209631
MAJORKA 1428;4;1428;5902553209648
MAJORKA 1429;0;1429;5902553209655
MAJORKA 4035;8;4035;5902553209600
MAJORKA 4036;0;4036;5902553209617
MAJORKA 4037;1;4037;5902553209624
MARBELLA 1487;13;1487;5902553212969
MARBELLA 1488;24;1488;5902553212983
MARBELLA 2087;1;2087;5902553212990
MARBELLA 2088;10;2088;5902553213003
MARBELLA 4254;8;4254;5902553213010
MARBELLA 4255;0;4255;5902553213027
MARCO 1418;4;1418;5902553209181
MARCO 1419;2;1419;5902553209198
MARCO 1420 Modyfikacja Sama Listwa;0;1420;5902553209204
MARCO 4008;19;4008;5902553209129
MARCO 4009;9;4009;5902553209136
MARCO 4010;21;4010;5902553209143
MARCO 4011;25;4011;5902553209150
MARCO 4012;38;4012;5902553209167
MARCO 4013;34;4013;5902553209174
MASSIMO 3998;7;3998;5902553208887
MASSIMO 3999;0;3999;5902553208894
MASSIMO 4000;0;4000;5902553208900
MASSIMO 4048;0;4048;5902553209846
MASSIMO 4049;0;4049;5902553209853
MEGAN 4738;0;4738;5902553223439
MEGAN 4740;0;4740;5902553223446
METIS 4288;6;4288;5902553213591
METIS 4289;0;4289;5902553213621
METIS 4296;19;4296;5902553213614
METIS 4302;2;4302;5902553214925
METIS 4345;0;4345;5902553213607
METIS 4346;3;4346;5902553213638
MITOS 909;46;909;5902553214499
MITOS 910;20;910;5902553214505
MITOS 911;43;911;5902553214512
MITOS 912;86;912;5902553214529
MITOS 913;0;913;5902553214536
MODENA 3800;6;3800;5902553219333
MOHITO 1213;34;1213;5908259950891
MOHITO 1214;3;1214;5908259950907
MOHITO 703;14;703;5908259950914
MOHITO 704;27;704;5908259950921
MONDEGO 3161;5;3161 ;5908259946689
MONDEGO 3165;22;3165 ;5908259946726
MONTREAL 1343;2;1343;5902553205633
MONTREAL 1344;20;1344;5902553205664
MONTREAL 1641;0;1641;5902553205183
MONTREAL 3705;8;3705;5902553205619
MONTREAL 3706;25;3706;5902553205640
MONTREAL 794;0;794;5902553205176
MONTREAL 795;39;795;5902553205190
MONTREAL 796;0;796;5902553205626
MONTREAL 797;11;797;5902553205657
MORITZ 1739;9;1739;5902553223194
MORITZ 1743;0;1743;5902553223217
MORITZ 4771;8;4771;5902553223200
MOSCATO 302;45;302;5908259940656
MURI 4377;0;4377;5902553214468
MURI 4378;24;4378;5902553214482
MURI 4379;8;4379;5902553214475
NANCY 3843;1;3843;5902553206791
NANCY 3844;0;3844;5902553206807
NASHVILLE 4693;20;4693;5902553222906
NASHVILLE 4694;8;4694;5902553222920
NASHVILLE 4695;15;4695;5902553222944
NASHVILLE 4731;0;4731;5902553222913
NASHVILLE 4732;0;4732;5902553222951
NASHVILLE 4733;0;4733;5902553222937
NATALINO 4014;0;4014;5902553209211
NATALINO 4015;9;4015;5902553209228
NATALINO 4044;2;4044;5902553209815
NET 4309;2;4309;5902553214307
NET 4310;30;4310;5902553214314
NET 4311;36;4311;5902553214321
NET 4312 ZWIS 1 PŁ. BIAŁA ,CZARNA,C;3;4312;5902553214338
NET 4313;1;4313;5902553214345
NET 4314;9;4314;5902553214369
NET PLUS 4747;2;4747;5902553223453
NET PLUS 4748;2;4748;5902553223460
NEVADA 1363;1;1363;5902553219616
NEVADA 1365;1;1365;5902553219692
NEVADA 3810;2;3810;5902553219586
NEVADA 3811;1;3811;5902553219593
NEVADA 3812;3;3812;5902553219623
NEVADA 3814;1;3814;5902553219661
NEVADA 3815;1;3815;5902553219678
NEVADA 811;1;811;5902553219609
NEVADA 813;5;813;5902553219685
NEW YORK 3806;14;3806;5902553219418
NEW YORK 3807;13;3807;5902553219456
NEWA 3269;9;3269;5908259930909
NEWA 3270;12;3270;5908259930916
NEWA 3271;22;3271;5908259930923
NEWA 3272;1;3272 ;5908259930930
NEWA 3273;10;3273;5908259930947
NEWA 3275;2;3275;5908259930961
NIL 3487;17;3487 ;5902553205848
NIL 3636;38;3636 ;5902553205213
OAKLAND 1740;0;1740;5902553223484
OAKLAND 1741;4;1741;5902553223477
OAKLAND 4696;19;4696;5902553222739
OAKLAND 4716;0;4716;5902553222753
OAKLAND 6104;8;6104;5902553222746
OAKLAND 6105;6;6105;5902553222760
OHIO 3863;7;3863;5902553207774
OHIO 3864;2;3864;5902553207781
OHIO 3865;9;3865;5902553207798
OHIO 3866;3;3866;5902553207804
OHIO 3867;5;3867;5902553207811
OHIO 3868;4;3868;5902553207828
OHIO 3869;7;3869;5902553207835
OHIO 3870;20;3870;5902553207842
OHIO 3871;0;3871;5902553207859
OLIMP 1327;1;1327;5902553204315
OLIMP 1329;6;1329;5902553204339
OLIMP 3602;9;3602;5902553203653
OLIMP 3603;4;3603;5902553203660
OLIMP 3654;27;3654;5902553204254
OLIMP 3656;23;3656;5902553204278
OLIMP 775;1;775;5902553203684
OLIMP 776;3;776;5902553203691
OLIMP 785;0;785;5902553204285
OLIMP 786;12;786;5902553204292
OLIMP 787;3;787;5902553204308
OLIMP PLUS 1046;4;1046;5902553223507
OLIMP PLUS 1046 BZ;0;1046 BZ;5902553223903
OLIMP PLUS 1047;0;1047;5902553223538
OLIMP PLUS 1047 BZ;0;1047 BZ;5902553223934
OLIMP PLUS 4745;4;4745;5902553223491
OLIMP PLUS 4745 BZ;0;4745 BZ;5902553223897
OLIMP PLUS 4746;4;4746;5902553223521
OLIMP PLUS 4746 BZ;21;4746 BZ;5902553223927
OLIMP PLUS 6115;0;6115;5902553223514
OLIMP PLUS 6115 BZ;0;6115 BZ;5902553223910
OLIMP PLUS 6116;0;6116;5902553223545
OLIMP PLUS 6116 BZ;0;6116 BZ;5902553223941
ONTARIO 1575;31;1575;5908259945064
ONTARIO 1576;12;1576;5908259945071
ONTARIO 1577;1;1577;5908259945088
ONTARIO 1578;10;1578;5908259945095
ONTARIO 1579;234;1579;5908259945101
ONTARIO 1580;70;1580;5908259945118
ONTARIO 3572;3;3572;5902553201840
ONTARIO 3573 3000 K;2;3573;5902553201857
ONTARIO 3574;4;3574;5902553201864
ONTARIO 3575;0;3575;5902553201871
ONTARIO 3576;0;3576;5902553201888
ONTARIO 3577;1;3577;5902553201895
ONTARIO 652;74;652;5908259945125
ONTARIO 653;45;653;5908259945132
ONTARIO 654;41;654;5908259945149
OPTICA 2529;0;2529;5902553208337
OPTICA 2530;0;2530;5902553208344
OREGON 3854;4;3854;5902553207866
OREGON 3855;3;3855;5902553207873
OREGON 3856;6;3856;5902553207880
OREGON 3857;5;3857;5902553207897
OREGON 3858;10;3858;5902553207903
OREGON 3859;8;3859;5902553207910
OREGON 3860;5;3860;5902553207927
OREGON 3861;3;3861;5902553207934
OREGON 3862;11;3862;5902553207941
ORINOKO 643;17;643;5908259943763
ORINOKO 644;16;644;5908259943770
OVIEDO 1463;0;1463;5902553212150
OVIEDO 4200;5;4200;5902553212129
OVIEDO 4201;6;4201;5902553212136
OVIEDO 4202 KINKIET 1PŁ.;0;4202;5902553212143
PASADENA 4717;40;4717;5902553222777
PASADENA 4718;1;4718;5902553222784
PASADENA 4719;0;4719;5902553222791
PIREUS I 3407;4;3407;5902553200478
PIREUS II 3408;1;3408 ;5902553200485
PIREUS III 3409;5;3409;5902553200492
PLANOS 3411;3;3411 ;5902553200515
PONTE 1484;1;1484;5902553213034
PONTE 1485;0;1485;5902553213041
PONTE 1498;0;1498;5902553213645
PONTE 2085;0;2085;5902553213058
PONTE 2086;0;2086;5902553218923
PONTE 2089;0;2089;5902553213652
PONTE 4347;3;4347;5902553213751
PONTE 4348;0;4348;5902553213768
PONTE 4349;0;4349;5902553213775
PONTE PLUS 2105;2;2105;5902553223019
PONTE PLUS 2106;0;2106;5902553222982
PONTE PLUS 2107;0;2107;5902553223040
PONTE PLUS 4727;6;4727;5902553222999
PONTE PLUS 4728;27;4728;5902553222968
PONTE PLUS 4729;9;4729;5902553223026
PONTE PLUS 6109;2;6109;5902553223002
PONTE PLUS 6110;5;6110;5902553222975
PONTE PLUS 6111;2;6111;5902553223033
PORTORYKO 1306;13;1306;5902553203554
PORTORYKO 1336;13;1336;5902553204827
PORTORYKO 3598;3;3598;5902553203530
PORTORYKO 3667;0;3667;5902553204636
PORTORYKO 3672;7;3672;5902553204681
PORTORYKO 3673;1;3673;5902553204698
PORTORYKO 3678;59;3678;5902553204803
PORTORYKO 771;12;771;5902553203547
PRATO 3841;17;3841;5902553206869
PRATO 3842;3;3842;5902553206876
RENO 1033;0;1033;5902553223057
RENO 1034;4;1034;5902553223064
RIALTO 3916;0;3916;5902553208191
RIALTO 3917;3;3917;5902553208207
RIALTO 3918;1;3918;5902553208214
RIALTO 3919;2;3919;5902553208221
ROCK 4723;11;4723;5902553224047
ROCK 4730;0;4730;5902553224030
ROCK 4737;0;4737;5902553224054
ROCKSTAR 4743;12;4743;5902553224078
ROCKSTAR 4758;33;4758;5902553224061
RODAN 3072;49;3072;5908259945194
RODAN 3073;27;3073;5908259945200
RODAN 3074;36;3074;5908259945217
RODAN 3075;20;3075;5908259945224
RODAN 3076;31;3076;5908259945231
RODAN 3077;1;3077;5908259945248
RODAN 3078;33;3078;5908259945255
RODAN 3079;30;3079;5908259945262
RODAN 4147;41;4147;5902553211368
RODAN 4148;8;4148;5902553211375
RODAN 655;23;655;5908259945156
RODAN 656;1;656;5908259945163
RODAN 657;20;657;5908259945170
RODAN 658;38;658;5908259945187
RODAN 874;24;874;5902553211382
RODOS 1088;0;1088;5908259939384
RODOS 1119;6;1119;5908259941561
RODOS 1184;0;1184;5908259945019
RODOS 1540;0;1540;5908259939407
RODOS 1553;3;1553;5908259941585
RODOS 263;0;263;5908259939353
RODOS 3070;6;3070;5908259944951
RODOS 3071;6;3071;5908259944968
RODOS 346;44;346;5908259941509
RODOS 349;24;349;5908259941530
RODOS 581;0;581;5908259939360
RODOS 617;25;617;5908259941547
RODOS 649;10;649;5908259944975
RODOS 651;0;651;5908259944999
RODOS PLUS 1048;0;1048 ;5902553223590
RODOS PLUS 1048 BZ;0;1048 BZ;5902553223965
RODOS PLUS 1049;0;1049;5902553223637
RODOS PLUS 1049 BZ;0;1049 BZ;5902553224009
RODOS PLUS 1744;0;1744;5902553223613
RODOS PLUS 1744 BZ;0;1744 BZ;5902553223989
RODOS PLUS 1745;2;1745;5902553223651
RODOS PLUS 1745 BZ;0;1745 BZ;5902553224023
RODOS PLUS 4753;0;4753;5902553223583
RODOS PLUS 4753 BZ;0;4753 BZ;5902553223958
RODOS PLUS 4754;0;4754;5902553223620
RODOS PLUS 4754 BZ;0;4754 BZ;5902553223996
RODOS PLUS 6117;0;6117;5902553223606
RODOS PLUS 6117 BZ;0;6117 BZ;5902553223972
RODOS PLUS 6118;0;6118;5902553223644
RODOS PLUS 6118 BZ;0;6118 BZ;5902553224016
ROSSANO 1678;0;1678;5902553209273
ROSSANO 1679;0;1679;5902553209280
ROSSANO 1680;0;1680;5902553209297
ROSSANO 850;15;850;5902553209242
ROSSANO 851;2;851;5902553209259
SAGUNTO 1489;8;1489;5902553213096
SAGUNTO 4356;14;4356;5902553214079
SAGUNTO 4357;2;4357;5902553214086
SAGUNTO 4358;2;4358;5902553214093
SAGUNTO 896;8;896;5902553213089
SALADO 1199;0;1199;5908259946672
SALADO 670;7;670;5908259946665
SANDOMIERZ 3278;0;3278;5908259950990
SANDOMIERZ 3280;0;3280;5908259951010
SANDOMIERZ 3282;1;3282;5908259951034
SANDOMIERZ 3645;0;3645;5902553204469
SANDOMIERZ 3646;1;3646;5902553204476
SANDOMIERZ 3647;0;3647;5902553204483
SANDRINO 1445;9;1445;5902553210156
SANDRINO 1446;15;1446;5902553210163
SANDRINO 1447;1;1447;5902553210170
SANDRINO 5024;1;5024;5902553210194
SANDRINO 5025;1;5025;5902553210200
SANDRINO 5026;0;5026;5902553210217
SANGA 3016;37;3016;5908259944104
SANGA 3019;0;3019;5908259944555
SANTANA 1408;2;1408;5902553208832
SANTANA 1409;8;1409;5902553208849
SANTANA 1444;4;1444;5902553210118
SANTANA 3996;4;3996;5902553208818
SANTANA 3997;16;3997;5902553208825
SANTANA 4045;54;4045;5902553209808
SANTIAGO 5004;0;5004;5908259945682
SANTIAGO 5005;0;5005;5908259945699
SATELITE 2531;15;2531;5902553209303
SATELITE 2532 - lampa wydłużona o 1m;8;2532;5902553209310
SATELITE 3988;33;3988;5902553208702
SATELITE 3989;0;3989;5902553208719
SATELITE 5020;0;5020;5902553208351
SATELITE 5021;1;5021;5902553208368
SATELITE 5022;0;5022;5902553208375
SATELITE 840;18;840;5902553208726
SATELITE 841;2;841;5902553208733
SATELITE PLUS 1052;0;1052;5902553223675
SATELITE PLUS 4744;0;4744;5902553223668
SEKWANA 3044;2;3044 ;5908259944210
SEKWANA 3050;0;3050SE;5908259944746
SEKWANA 3051;11;3051;5908259944753
SERAFINO 2080;7;2080;5902553210064
SICILIA 2109;0;2109;5902553223699
SICILIA 4752;6;4752;5902553223682
SICILIA 6106;4;6106;5902553223095
SINES 1468;6;1468;5902553213102
SINES 1469;0;1469;5902553213119
SINES 1470;4;1470;5902553213126
SINES 1471;6;1471;5902553213133
SINES 1472;10;1472;5902553213140
SINES 1479;10;1479;5902553213157
SINES 1480;8;1480;5902553213164
SINES 4214;0;4214;5902553213171
SINES 4215;9;4215;5902553213188
SINES 4216;0;4216;5902553213195
SINES 4217;17;4217;5902553213201
SINES 4218;14;4218;5902553213218
SINES 4219;10;4219;5902553213225
SINES 4220;13;4220;5902553213232
SINES 4221;26;4221;5902553213249
SINES 4222;26;4222;5902553213256
SINTRA 4223;10;4223;5902553213263
SINTRA 4225;5;4225;5902553213287
SINTRA 4226;0;4226;5902553213294
SINTRA 4227;0;4227;5902553213300
SINTRA 4228;0;4228;5902553213317
SINTRA 4230;6;4230;5902553213331
SKIATOS 914;4;914;5902553214543
SKIATOS 915;4;915;5902553214550
SKIATOS 916;4;916;5902553214567
SKIATOS 917;5;917;5902553214574
SKIATOS 918;0;918;5902553214611
SPEKIO 4261;4;4261;5902553213676
SPEKIO 4262;1;4262;5902553213683
SPEKIO 4263 KIN.LED;0;4263;5902553213690
SPEKIO 4336;5;4336;5902553213713
TAMIZA 3136;57;3136;5908259946375
TAMIZA 3138;24;3138;5908259946368
TASOS 1257;12;1257;5902553202199
TENERYFA 1424;23;1424;5902553209471
TENERYFA 1425;11;1425;5902553209488
TENERYFA 1426;11;1426;5902553209495
TENERYFA 1681;5;1681;5902553209501
TENERYFA 1682;5;1682;5902553209518
TENERYFA 1683;0;1683;5902553209525
TEQUILA 3198;74;3198;5908259947617
TEQUILA 3200;0;3200;5908259947648
TEQUILA 3201;1;3201;5908259947655
TEQUILA 3204;52;3204;5908259947709
TEQUILA 3209;6;3209;5908259947778
TEQUILA 3210;8;3210;5908259947792
TEQUILA 3211;6;3211;5908259947808
TEQUILA 688;21;688;5908259947693
TEQUILA 692;2;692;5908259947815
TEQUILA BIS 1600;0;1600;5908259949840
TEQUILA BIS 1602;5;1602;5908259949864
TEQUILA BIS 708;6;708;5908259949789
TEQUILA NEW 1614;71;1614;5908259951546
TEQUILA NEW 1629;35;1629;5908259936642
TEQUILA NEW 740;27;740;5908259935942
TOLO 415;0;415 ;5908259942971
TOMAR 1477;26;1477;5902553213348
TOMAR 1478;7;1478;5902553213355
TOMAR 1481;1;1481;5902553213362
TONI 4371;22;4371;5902553214628
TONI 4372;10;4372;5902553214635
TONI 4373;13;4373;5902553214642
TONI 4374;1;4374;5902553214659
TONI 4375;23;4375;5902553214666
TONI 4376;16;4376;5902553214673
TONI 6000;29;6000;5902553214864
TONI 6001;10;6001;5902553214871
TONI 6002;1;6002;5902553214888
TONI 6003;4;6003;5902553214895
TONI 6004;20;6004;5902553214901
TONI 6005;18;6005;5902553214918
TONI 903;14;903;5902553214697
TONI 904;12;904;5902553214703
TONI 905;32;905;5902553214710
TONI 906;5;906;5902553214727
TONI 907;25;907;5902553214734
TONI 908;20;908;5902553214741
TONI 919;20;919;5902553214765
TONI 920;3;920;5902553214772
TONI 921;57;921;5902553214789
TONI 922;2;922;5902553222074
TONI 923;34;923;5902553214840
TONI 924;26;924;5902553214857
TRINI 1492;2;1492;5902553213935
TRINI 1493;0;1493;5902553213973
TRINI 1494;16;1494;5902553213881
TRINI 4316 M;10;4316;5902553213850
TRINI 4317;3;4317;5902553213867
TRINI 4331 S;1;4331;5902553213904
TRINI 4332 M;4;4332;5902553213911
TRINI 4333 S - lampa wydłużona o 1 m.;0;4333;5902553213942
TRINI 4334;0;4334;5902553213959
TRINI 4350;5;4350;5902553213966
TRINI 4351 L;9;4351;5902553213928
TRINI 4352 S;23;4352;5902553213843
TRINI 902;4;902;5902553213874
TROLL 3430;0;3430;5902553200706
TROLL 3484;5;3484;5902553203509
TROS 1122;1;1122;5908259941837
TROS 254;27;254;5908259939193
TROS 255;0;255;5908259939230
TROS 3670;6;3670;5902553204674
TROS 3671;0;3671;5902553204667
TROS 574;4;574;5908259939209
TROS 619;0;619;5908259941820
TROY 4282;2;4282;5902553213720
TROY 4283;0;4283;5902553213744
TROY 4284;0;4284;5902553213737
TYBER 4150;0;4150;5902553211405
TYBER 4151;16;4151;5902553211412
TYBER 4152;0;4152;5902553211429
TYBER 4153;8;4153;5902553211436
TYBER 4155;8;4155;5902553211450
TYBER 4156;35;4156;5902553211467
TYBER 4157;10;4157;5902553211474
TYBER 4159;1;4159;5902553211498
TYBER PLUS 4759;4;4759;5902553223705
TYBER PLUS 4761;23;4761;5902553223712
TYBER1 3108;0;3108;5908259945897
TYBER1 473;0;473;5908259943824
TYBER1 474;0;474;5908259943831
TYBER1 475;122;475;5908259943848
TYBER2 3117;4;3117;5908259946009
TYBER2 3118;29;3118;5908259946016
TYBER2 3119;1;3119;5908259946023
TYBER2 3120;0;3120;5908259946030
TYBER2 478;0;478 ;5908259943879
TYBER2 479;33;479 ;5908259943886
TYBER3 3086;29;3086;
TYBER3 3087;12;3087;5908259945446
TYBER3 3089;36;3089 ;5908259945460
TYBER3 3090;2;3090;5908259945477
TYBER3 3091;19;3091;5908259945484
TYBER3 3092;2;3092;5908259945491
TYBER3 3093;3;3093;5908259945507
TYBER3 3098;44;3098;5908259945552
TYBER3 3099;6;3099;5908259945569
TYBER3 3101;15;3101 ;5908259945583
URAL 3173;32;3173;5908259946801
VARADERO 790;9;790;5902553205824
VARADERO 791;7;791;5902553205817
VARADERO 792;0;792;5902553205800
VARADERO 793;3;793;5902553205794
VERMONT 3925;4;3925;5902553207958
VERMONT 3928;6;3928;5902553218947
VERMONT 3950;3;3950;5902553208016
VERMONT 3951;0;3951;5902553208023
VERMOUTH 1206;20;1206;5908259947891
VERMOUTH 1207;3;1207;5908259947914
VERMOUTH 1209;1;1209;5908259947952
VERMOUTH 1212;0;1212;5908259948010
VERMOUTH 3289;31;3289;5908259951126
VERMOUTH 3290;0;3290;5908259951133
VERMOUTH 3391;0;3391;5902553200607
VERMOUTH 3392;4;3392;5908259935898
VERMOUTH 3614;0;3614;5902553203837
VERMOUTH 3616;16;3616;5902553203851
VERMOUTH 3617;4;3617;5902553203844
VERMOUTH 3618;1;3618;5902553203875
VERMOUTH 695;3;695;5908259947884
VERMOUTH 696;13;696;5908259947907
VERMOUTH 698;6;698;5908259947945
VERMOUTH 701;9;701;5908259948003
VICHY 1672;5;1672;5902553208108
VICHY 3884;0;3884;5902553208030
VICHY 3885;5;3885;5902553208047
VICHY 3886;1;3886;5902553208078
VICHY 3887;20;3887;5902553208085
VICHY 825;2;825;5902553208054
VICHY 826;0;826;5902553208092
VIRGO 4237;27;4237;5902553213379
ZAKYNTOS 3545;2;3545;5902553202960
ZAKYNTOS 3546;0;3546;5902553202977
ZAKYNTOS 3547;4;3547;5902553202984
ZAKYNTOS 3548;1;3548;5902553202991
ZAKYNTOS 3549;2;3549;5902553203004
ZAKYNTOS 3550;7;3550;5902553203011
ZAKYNTOS 3933 BIS;0;3933;5902553206425
ZAKYNTOS 3935 BIS;0;3935;5902553206449
ZAKYNTOS BIS 3952;0;3952;5902553208115
ZAKYNTOS BIS 3953;2;3953;5902553208122

