ean;kod;nazwa;stany;
5907632911894;DL-500;Delta DL-500;100;
5907632911900;DL-750;Delta DL-750;100;
5907632911917;DL-K100;Delta DL-K100;100;
5907632912051;ZN-K100;Zen ZN-K100;59;
5907632912129;7004 DG;Adela 7004 DG;100;
5907632911863;6556-PIR;Duo 6556-PIR;100;
5907632911924;EL3113;Elborn EL3113;100;
5907632911931;FKW-500;Fan Kwadrat FKW-500;100;
5907632911948;FKW-800;Fan Kwadrat FKW-800;100;
5907632911955;FKW-K100;Fan Kwadrat FKW-K100;59;
5907632912174;KR-580;Karo KR-580;96;
5907632911962;KR-780;Karo KR-780;100;
5907632911979;KR-K100;Karo KR-K100;91;
5907632911870;6725 D;Mix 6725 D;100;
5907632912013;MN19301;Mona MN19301;100;
5907632912006;M1931;Porto M1931;100;
5907632912181;RT-580;Rota RT-580;97;
5907632912020;RT-780;Rota RT-780;92;
5907632912037;RT-K100;Rota RT-K100;0;
5907632912044;SN-500;San Solar SN-500;0;
5907632911986;M1401 DG;Tin M1401 DG;100;
5907632911993;M1401 W;Tin M1401 W;100;
5908310069517;7001 AL;Adela 7001 AL;100;
5908310061825;7001 BL;Adela 7001 BL;100;
5908310069524;7002 AL;Adela 7002 AL ;70;
5908310063171;7002 BL;Adela 7002 BL;100;
5908310062624;7003 AL;Adela 7003 AL;100;
5908310063188;7003 BL;Adela 7003 BL;100;
5908310062693;8001 AL;Adela 8001 AL;100;
5908310062709;8001 BL;Adela 8001 BL;100;
5908310061801;8001 DG;Adela 8001 DG;100;
5908310062723;8002 AL;Adela 8002 AL;58;
5908310062761;8002 BL;Adela 8002 BL;100;
5908310061818;8002 DG;Adela 8002 DG;100;
5908310063010;8003 AL;Adela 8003 AL;62;
5908310063027;8003 BL;Adela 8003 BL;100;
5908310064895;8003 DG;Adela 8003 DG;100;
5908310063201;9001 DG;Adela 9001 DG;100;
5908310065236;M1455 DG;Adela Midi M1455 DG;100;
5908310065366;M1456 DG;Adela Midi M1456 DG;100;
5908310065847;M1457 DG;Adela Midi M1457 DG;100;
5908310065854;M1458 DG;Adela Midi M1458 DG;100;
5908310065861;M1459 DG;Adela Midi M1459 DG;100;
5908310065922;M1460 DG;Adela Midi M1460 DG;100;
5908310068558;LS-LT-3A;Boat LS-LT-3A;12;
5908310061832;11836 R AL;CITY 11836 R AL;78;
5908310061030;11836 R BL;CITY 11836 R BL;100;
5908310061849;1836 AL;CITY 1836 AL;100;
5908310061047;1836 BL;CITY 1836 BL;100;
5908310068039;1836 II BL;CITY 1836 II BL;93;
5908310062402;OGMW 1 ECO;ECO OGMW 1 ECO;18;
5908310063133;6160;Eggo 6160;24;
5908310061429;TO 3902-H 650 AL;ELIS TO 3902-H 650 AL;100;
5908310061450;TO 3902-H 650 BL;ELIS TO 3902-H 650 BL;100;
5908310061443;TO 3902-H 919 AL;ELIS TO 3902-H 919 AL;100;
5908310061436;TO 3902-H 919 BL;ELIS TO 3902-H 919 BL;100;
5908310061566;TY 0651 AL;ELIS TY 0651 AL;24;
5908310061597;TY 0651 BL;ELIS TY 0651 BL;87;
5908310065939;7062;Emy 7062;100;
5908310068275;GL15401;Evo GL15401;100;
5908310068305;GL15402;Evo GL15402;100;
5908310068534;GL15403;Evo GL15403;100;
5908310068541;GL15404;Evo GL15404;98;
5908310062068;GL 11201;FAN GL 11201;100;
5908310062082;GL 11204;FAN GL 11204;100;
5908310062501;GL 11205;FAN GL 11205;100;
5908310062525;GL 11206;FAN GL 11206;100;
5908310069388;17601 DG;Fler 17601 DG;100;
5908310069395;17602-580 DG;Fler 17602-580 DG;100;
5908310069500;17602-780 DG;Fler 17602-780 DG;100;
5908310062662;YB19502;Form YB19502;100;
5908310062679;YB19503;Form YB19503;100;
5908310062686;YB19504;Form YB19504;100;
5908310063706;ST 021;Inox ST 021;36;
5908310066677;ST 022-1100;Inox ST 022-1100;100;
5908310068718;ST 022-450;Inox ST 022-450;100;
5908310069319;ST 022-650;Inox ST 022-650;100;
5908310069364;ST 025;Inox ST 025;100;
5908310061979;ST 021 BL;Inox Black ST 021;57;
5908310061993;ST 022-450 BL;Inox Black ST 022-450;100;
5908310062006;ST 022-650 BL;Inox Black ST 022-650;100;
5908310062013;ST 025 BL;Inox Black ST 025;98;
5908310061986;ST022-1100 BL;Inox Black ST022-1100;100;
5908310060385;SS802-450 BL;Inox Kwadratowa Black SS802-450 BL;100;
5908310062037;SS802-650 BL;Inox Kwadratowa Black SS802-650 BL;100;
5908310062099;SS802-A BL;Inox Kwadratowa Black SS802-A BL ;100;
5908310063430;SS802-450;Inox Kwadratowa SS802-450;100;
5908310063447;SS802-650;Inox Kwadratowa SS802-650;100;
5908310063461;SS802-A;Inox Kwadratowa SS802-A;100;
5908310062778;91063L;Joy 91063L;76;
5908310062785;91065L-500;Joy 91065L-500;100;
5908310062792;91065L-750;Joy 91065L-750;100;
5908310069432;ST 5024;Leda ST 5024;100;
5908310061177;ST 5024 B;Leda ST 5024 B;100;
5908310063263;91172 BL;LENA 91172 BL;40;
5908310060163;16702-600;Linea 16702-600;100;
5908310066813;5001 BR;Mini 5001 BR;100;
5908310066912;5001 DG;Mini 5001 DG;100;
5908310067230;5002 BR;Mini 5002 BR;100;
5908310067445;5002 DG;Mini 5002 DG;100;
5908310067537;5005 DG;Mini 5005 DG;100;
5908310063034;6001 AL;Mini 6001 AL;85;
5908310060071;6001 BL;MINI 6001 BL ;100;
5908310063041;6002 AL;Mini 6002 AL;100;
5908310060576;6002 BL;MINI 6002 BL;100;
5908310062587;5725 C;Mix 5725 C;100;
5908310063003;1502A/3000;Mur PC 1502A/3000;98;
5908310067957;1502A/6000;Mur PC 1502A/6000;100;
5908310065953;M2029;Mur-Led M2029;100;
5908310065977;M2031;Mur-Led M2031;100;
5908310067681;C 04;Mur Led Inox C 04;100;
5908310067742;D 04;Mur Led Inox D 04;77;
5907632912150;E 04;Mur Led Inox E 04;100;
5907632912167;F 04;Mur Led Inox F 04;100;
5908310063218;91012C AL;Nelly 91012C AL;100;
5908310063225;91012C BL;Nelly 91012C BL ;100;
5908310061900;TO2008AL;Nelly TO2008 AL;100;
5908310062105;TO2008BL;Nelly TO2008 BL;100;
5908310063485;11701 DG;Neo 11701 DG;54;
5908310063492;11702-1000 DG;Neo 11702-1000 DG;100;
5908310063539;11702-600 DG;Neo 11702-600 DG;37;
5908310063232;91022-AL;Nex 91022-AL;100;
5908310063249;91022-BL;Nex 91022-BL;100;
5908310060088;1765;Nik 1765;100;
5908310069821;M1503;Oli M1503;100;
5908310060132;3725 A;Pabla 3725 A;100;
5908310061276;4725 B;Pabla 4725 B;100;
5908310066240;M4030;Pabla M4030;100;
5908310069494;4031;Pabla 4031;100;
5908310069920;M1932-500;Porto M1932-500;100;
5908310069937;M1976;Porto M1976;100;
5908310069487;LK4001-15A;Prit LK4001-15A;100;
5908310061542;TO 3446;Prit TO 3446;100;
5908310063478;6144S-1;RADIUS 6144S-1;38;
5908310060040;1061-450;Sigma 1061-450;89;
5908310060057;1061-650;Sigma 1061-650;60;
5908310061702;7355;Sigma 7352;75;
5908310067872;M1016 BL;Slim M1016 BL;100;
5908310069463;6355;Telma 6355;100;
5908310062044;1853;TESS 1853;38;
5908310065014;1880S;UFO 1880S;66;
5908310063270;91303-LED;Ufo 91303-LED;64;
5908310060811;5284 B;Willy 5284 B;100;
5908310063584;LB-83B;Tytan LB-83B (głowica);55;
5908310064253;MLB-83B;Tytan MLB-83B;55;
5908310065885;LS-LB-22A;​Mars LS-LB-22A (głowica);100;
5908310064260;MLS-LB-22A;Mars MLS-LB-22A;100;
5908310064635;K 1018/1/Z;CADIZ K 1018/1/Z;100;
5908310065793;K 3012/1/Z;CADIZ K 3012/1/Z;100;
5908310068633;K 4011/1/Z;Cadiz K 4011/1/Z;100;
5908310068862;K 5002/1/Z;Cadiz K 5002/1/Z;100;
5908310068985;K 5002/2/Z;CADIZ K 5002/2/Z;100;
5908310069715;K 5002/3/Z;CADIZ K 5002/3/Z;100;
5908310063973;K 1018 TD;Cordoba II K 1018 TD;100;
5908310060316;K 1018/1/TD;CORDOBA II K 1018/1/TD;100;
5908310060415;K 3012/1/TD;CORDOBA II K 3012/1/TD;100;
5908310065762;K 3012/1/TD g;Cordoba II K 3012/1/TD g;100;
5908310060644;K 4011/1/TD;CORDOBA II K 4011/1/TD;100;
5908310067018;K 5002/1/TD;CORDOBA II K 5002/1/TD;100;
5908310060668;K 5002/2/TD;CORDOBA II K 5002/2/TD;100;
5908310060675;K 5002/3/TD;CORDOBA II K 5002/3/TD;100;
5907632911429;OGMWN 2 TD;CORDOBA II OGMWN 2 TD;100;
5907632911818;OGMWN 3 TD;CORDOBA II OGMWN 3 TD;100;
5908310060354;K 1018/1/T;CORDOBA K 1018/1/T;100;
5908310060453;K 3012/1/T;CORDOBA K 3012/1/T;100;
5908310062808;CB-330 AL;Cube CB-330 AL;100;
5908310062815;CB-330 BL;Cube CB-330 BL;100;
5908310062914;CB-330 DG;Cube CB-330 DG;100;
5908310062822;CB-580 AL;Cube CB-580 AL;100;
5908310062839;CB-580 BL;Cube CB-580 BL;100;
5908310062921;CB-580 DG;Cube CB-580 DG;100;
5908310062846;CB-830 AL;Cube CB-830 AL;100;
5908310062853;CB-830 BL;Cube CB-830 BL;100;
5908310062938;CB-830 DG;Cube CB-830 DG;100;
5908310062860;CB-K AL;Cube CB-K AL;100;
5908310062877;CB-K BL;Cube CB-K BL;100;
5908310062945;CB-K DG;Cube CB-K DG;100;
5908310062884;CB-S AL;Cube CB-S AL;100;
5908310062891;CB-S BL;Cube CB-S BL;100;
5908310062952;CB-S DG;Cube CB-S DG;100;
5908310060187;CB-MAX 1000 AL;Cube Max CB-MAX 1000 AL;100;
5908310060637;CB-MAX 1000 BL;Cube Max CB-MAX 1000 BL;100;
5908310063546;CB-MAX 1000 DG;Cube Max CB-MAX 1000 DG;100;
5908310060965;CB-MAX 400 AL;Cube Max CB-MAX 400 AL;100;
5908310061238;CB-MAX 400 BL;Cube Max CB-MAX 400 BL;100;
5908310063560;CB-MAX 400 DG;Cube Max CB-MAX 400 DG;100;
5908310061245;CB-MAX 700 AL;Cube Max CB-MAX 700 AL;100;
5908310061320;CB-MAX 700 BL;Cube Max CB-MAX 700 BL;100;
5908310068213;CB-MAX 700 DG;Cube Max CB-MAX 700 DG;100;
5908310061955;CB-MAX K AL;Cube Max CB-MAX K AL;100;
5908310062075;CB-MAX K BL;Cube Max CB-MAX K BL;100;
5908310069449;CB-MAX K DG;Cube Max CB-MAX K DG;100;
5908310062235;CB-MAX S AL;Cube Max CB-MAX S AL;100;
5908310062464;CB-MAX S BL;Cube Max CB-MAX S BL;100;
5908310069456;CB-MAX S DG;Cube Max CB-MAX S DG;100;
5908310062594;RADO 1 AL;RADO 1 AL;100;
5908310061153;RADO 1 BL;RADO 1 BL;100;
5908310063997;RADO 1 DG;RADO 1 DG;100;
5908310062600;RADO 2 AL;RADO 2 AL;100;
5908310061160;RADO 2 BL;RADO 2 BL;100;
5908310064147;RADO 2 DG;RADO 2 DG;100;
5908310061580;RADO 3 AL;RADO 3 AL;100;
5908310061962;RADO 3 BL;RADO 3 BL;100;
5908310064208;RADO 3 DG;RADO 3 DG;100;
5907632910668;RADO II 1 AL;RADO II 1 AL;100;
5907632910675;RADO II 1 BL;RADO II 1 BL;100;
5907632910682;RADO II 1 DG;RADO II 1 DG;100;
5907632910699;RADO II 2 AL;RADO II 2 AL;100;
5907632910705;RADO II 2 BL;RADO II 2 BL;100;
5907632910712;RADO II 2 DG;RADO II 2 DG;100;
5907632910729;RADO II 3 AL;RADO II 3 AL;100;
5907632910736;RADO II 3 BL;RADO II 3 BL;100;
5907632910743;RADO II 3 DG;RADO II 3 DG;100;
5907632910750;RADO II K AL;RADO II K AL;100;
5907632910767;RADO II K BL;RADO II K BL;100;
5907632910774;RADO II K DG;RADO II K DG;100;
5907632910781;RADO III 1 AL;RADO III 1 AL;100;
5907632910798;RADO III 1 BL;RADO III 1 BL;100;
5907632910804;RADO III 1 DG;RADO III 1 DG;100;
5907632910811;RADO III 2 AL;RADO III 2 AL;100;
5907632910828;RADO III 2 BL;RADO III 2 BL;100;
5907632910835;RADO III 2 DG;RADO III 2 DG;100;
5907632910842;RADO III 3 AL;RADO III 3 AL;100;
5907632910859;RADO III 3 BL;RADO III 3 BL;100;
5907632910866;RADO III 3 DG;RADO III 3 DG;100;
5907632910873;RADO III K AL;RADO III K AL;100;
5907632910880;RADO III K BL;RADO III K BL;100;
5907632910897;RADO III K DG;RADO III K DG;100;
5908310064215;RADO K AL;RADO K AL;100;
5908310064352;RADO K BL;RADO K BL;100;
5908310064383;RADO K DG;RADO K DG;100;
5908310069647;1062-1050;Rondo 1062-1050;10;
5908310069807;1062-450;Rondo 1062-450;10;
5908310069814;1062-710;Rondo 1062-710;10;
5908310061498;TAO 1;TAO 1;23;
5907632910903;TAO 2;TAO 2;23;
5907632910910;TAO 3;TAO 3;23;
5907632910927;TAO K;TAO K;23;
5908310062266;TEO 1;TEO 1;100;
5908310062273;TEO 2;TEO 2;100;
5908310062280;TEO 3;TEO 3;100;
5908310060934;G 200 Z;Alekule G 200 Z;100;
5908310061122;G 250 Z;Alekule G 250 Z;100;
5908310061146;G 300 Z;Alekule G 300 Z;100;
5908310062051;G 400 Z;Alekule G 400 Z;100;
5908310062990;G 500 Z;Alekule G 500 Z;100;
5908310060019;G-200 FUME;Klosz G-200 FUME;100;
5908310060033;G-200 OP;Klosz G-200 OP;100;
5908310068800;G-250 FUME;Klosz G-250 FUME;100;
5908310061948;G-250 OP;Klosz G-250 OP;100;
5908310069111;G-300 FUME;Klosz G-300 FUME;100;
5908310069340;G-300 OP;Klosz G-300 OP;100;
5908310068695;G-400 OP;Klosz G-400 OP;100;
5908310061573;G-500 OP;Klosz G-500 OP;100;
5908310062181;K 3012/1/KF 200;KULE CLASSIC II K 3012/1/KF;100;
5908310062242;K 4011/1/KF 200;KULE CLASSIC II K 4011/1/KF;100;
5907632912075;G 200 Z 35;Kule Classic G 200 Z 35;100;
5907632912099;G 250 Z 35;Kule Classic G 250 Z 35;100;
5907632912112;G 300 Z 35;Kule Classic G 300 Z 35;100;
5908310060897;K 3012/1/K 200;KULE CLASSIC K 3012/1/K 200;100;
5908310063157;K 3012/1/K 250;KULE CLASSIC K 3012/1/K 250;100;
5908310065021;K 3012/1/K 250 P;Kule classic K 3012/1/K 250 P;100;
5907632910019;K 3012/1/K 250 U;"Kule Classic 	K 3012/1/K 250 U";100;
5908310065076;K 3012/1/K 300 P;Kule classic K 3012/1/K 300 P;100;
5908310065052;K 3012/1/K 300 U;Kule Classic K 3012/1/K 300 U;100;
5908310060903;K 4011/1/K 200;KULE CLASSIC K 4011/1/K 200;100;
5908310064154;K 4011/1/K 250;KULE CLASSIC K 4011/1/K 250;100;
5908310066745;K 5002/1/KP 200;KULE CLASSIC K 5002/1/KP 200;100;
5908310066158;K 5002/1/KP 250;KULE CLASSIC K 5002/1/KP 250;100;
5908310060910;K 5002/2/KP 200;KULE CLASSIC K 5002/2/KP 200;100;
5908310067155;K 5002/2/KP 250;KULE CLASSIC K 5002/2/KP 250;100;
5908310060927;K 5002/3/KP 200;KULE CLASSIC K 5002/3/KP 200;100;
5908310068152;K 5002/3/KP 250;KULE CLASSIC K 5002/3/KP 250;100;
5907632910972;OGMWN 1 300;KULE CLASSIC OGMWN 1 300;100;
5907632911122;OGMWN 2 300;Kule Classic OGMWN 2 300 ;100;
5907632911481;OGMWN 3 300;KULE CLASSIC OGMWN 3 300;100;
5908310065199;K 3012/1/KD 200;Kule K 3012/1/KD 200;100;
5908310065229;K 3012/1/KD 250;KULE K 3012/1/KD 250;100;
5908310065915;K 3012/1/KD 300;Kule K 3012/1/KD 300;100;
5908310066660;K 5002/1/K 200;Kule K 5002/1/K 200;100;
5908310066691;K 5002/1/K 250;Kule K 5002/1/K 250;100;
5908310066721;K 5002/1/K 300;Kule K 5002/1/K 300;100;
5908310067315;K 5002/2/K 200;Kule K 5002/2/K 200;100;
5908310067339;K 5002/2/K 250;Kule K 5002/2/K 250;100;
5908310067360;K 5002/2/K 300;Kule K 5002/2/K 300;100;
5908310067803;K 5002/3/K 200;Kule K 5002/3/K 200;100;
5908310067827;K 5002/3/K 250;Kule K 5002/3/K 250;100;
5908310067865;K 5002/3/K 300;Kule K 5002/3/K 300;100;
5908310061054;K 1018/1/KPO;Kule z koszykiem 200 K 1018/1/KPO;100;
5908310063058;K 3012/1/KPO;Kule z koszykiem 200 K 3012/1/KPO;100;
5908310064055;K 4011/1/KPO;Kule z koszykiem 200 K 4011/1/KPO;100;
5908310066059;K 5002/1/KPO;Kule z koszykiem 200 K 5002/1/KPO;100;
5908310067056;K 5002/2/KPO;Kule z koszykiem 200 K 5002/2/KPO;100;
5908310068053;K 5002/3/KPO;Kule z koszykiem 200 K 5002/3/KPO;100;
5907632911221;OGMWN 2 KPO;Kule z koszykiem 200 OGMWN 2 KPO;100;
5907632911566;OGMWN 3 KPO 200;Kule z koszykiem 200 OGMWN 3 KPO 200;100;
5908310060699;K 1018/1/KPO 250;Kule z koszykiem 250 K 1018/1/KPO 250;100;
5908310060705;K 3012/1/KPO 250;Kule z koszykiem 250 K 3012/1/KPO 250;100;
5908310065274;K 3012/1/KPO 250 U;Kule z koszykiem 250 K 3012/1/KPO 250 U;100;
5908310060712;K 4011/1/KPO 250;Kule z koszykiem 250 K 4011/1/KPO 250;100;
5908310060729;K 5002/1/KPO 250;Kule z koszykiem 250 K 5002/1/KPO 250;100;
5908310064499;K 5002/2/KPO 250;Kule z koszykiem 250 K 5002/2/KPO 250;100;
5907632911047;OGMWN 1 KPO 250;Kule z koszykiem 250 OGMWN 1 KPO 250;100;
5907632911184;OGMWN 2 KPO 250;Kule z koszykiem 250 OGMWN 2 KPO 250;100;
5907632911542;OGMWN 3 KPO 250;Kule z koszykiem 250 OGMWN 3 KPO 250;100;
5908310069005;K 1018/1/O;Prince K 1018/1/O;100;
5908310063911;K 1018 O;Prince K 1018/O;100;
5908310069302;K 3012/1/O;Prince K 3012/1/O;100;
5908310061856;K 3012/1/O g;Prince K 3012/1/O g;100;
5908310069081;K 4011/1/O;Prince K 4011/1/O;100;
5908310069135;K 5002/1/O;Prince K 5002/1/O;100;
5908310069173;K 5002/2/O;Prince K 5002/2/O;100;
5908310069227;K 5002/3/O;Prince K 5002/3/O;100;
5907632911351;OGMWN 2 O;Prince OGMWN 2 O;100;
5907632911672;OGMWN 3 O;Prince OGMWN 3 O;100;
5908310068299;K 1018 O-BD;Prince Max K 1018 O-BD;100;
5908310068367;K 1018/1/O-BD;Prince Max K 1018/1/O-BD;100;
5908310068466;K 3012/1/O-BD;Prince Max K 3012/1/O-BD;100;
5907632910583;OGMW 2 O-BD;Prince Max OGMW 2 O-BD;100;
5907632910606;OGMW 3 O-BD;Prince Max OGMW 3 O-BD;100;
5908310063768;K 1018 H;Retro Classic II K 1018 H;100;
5908310062112;K 1018/1/DH;Retro Classic II K 1018/1/DH;100;
5908310062310;K 3012/1/DH;Retro Classic II K 3012/1/DH;100;
5908310067117;K 3012/1/DH g;Retro Classic II K 3012/1/DH g;100;
5908310062419;K 4011/1/H;Retro Classic II K 4011/1 H;100;
5908310062518;K 5002/1/H;Retro Classic II K 5002/1 H;100;
5908310062617;K 5002/2/H;Retro Classic II K 5002/2 H;100;
5908310062716;K 5002/3/H;Retro Classic II K 5002/3 H;100;
5908310063683;K 1018;Retro Classic K 1018;100;
5908310061108;K 1018/1/D;Retro Classic K 1018/1/D;100;
5908310063119;K 3012/1/D;Retro Classic K 3012/1/D;100;
5908310064819;K 3012/1/D g;Retro Classic K 3012/1/D g;100;
5908310069401;K 3012/P SZ;Retro Classic K 3012/P SZ;100;
5908310064116;K 4011/1;Retro Classic K 4011/1;100;
5908310065113;K 5002/1;Retro Classic K 5002/1;100;
5908310065120;K 5002/2;Retro Classic K 5002/2;100;
5908310065137;K 5002/3;Retro Classic K 5002/3;100;
5907632911092;OGMWN 2;Retro Classic OGMWN 2;100;
5907632911467;OGMWN 3;Retro Classic OGMWN 3;100;
5908310068282;K 1018 BD KW;Retro Kwadratowe K 1018 BD KW;100;
5908310068329;K 1018/1/BD KW;Retro Kwadratowe K 1018/1/BD KW;100;
5908310068435;K 3012/1/BD KW;Retro Kwadratowe K 3012/1/BD KW;100;
5908310068589;K 4011/1/BD KW;Retro Kwadratowe K 4011/1/BD KW;100;
5907632911009;OGMWN 1 BD KW;Retro Kwadratowe OGMWN 1 BD KW;100;
5908310063744;K 1018 BD;Retro Maxi K 1018 BD;100;
5908310066004;K 1018/1/BD;Retro Maxi K 1018/1/BD;100;
5908310063195;K 3012/1/BD;Retro Maxi K 3012/1/BD;100;
5908310064727;K 3012/1/BD g;Retro Maxi K 3012/1/BD g;100;
5908310064192;K 4011/1/BD;Retro Maxi K 4011/1 BD;100;
5908310065946;K 5002/1/BD 45;Retro Maxi K 5002/1 BD 45;100;
5908310069555;K 5002/2/BD 45;Retro Maxi K 5002/2 BD 45;100;
5907632910934;OGMWN 1;Retro Maxi OGMWN 1;100;
5908310063836;K 1018 M;Retro Midi K 1018 M;100;
5908310061115;K 1018/1/M;Retro Midi K 1018/1/M;100;
5908310063102;K 3012/1/M;Retro Midi K 3012/1/M;100;
5908310065588;K 3012/1/M g;Retro Midi K 3012/1/M g;100;
5908310064109;K 4011/1/M;Retro Midi K 4011/1/M;100;
5908310065106;K 5002/2/M;Retro Midi K 5002/2/M;100;
5908310065205;K 5002/3/M;Retro Midi K 5002/3/M;100;
5908310060118;K 1018 R;Toledo K 1018 R;100;
5908310061184;K 1018/1/R;Toledo K 1018/1/R;100;
5908310061191;K 3012/1/R;Toledo K 3012/1/R;100;
5908310061207;K 4011/1/R;Toledo K 4011/1/R;100;
5908310061214;K 5002/1/R;Toledo K 5002/1/R;100;
5908310061252;K 5002/2/R;Toledo K 5002/2/R;100;
5908310061269;K 5002/3/R;Toledo K 5002/3/R;100;
5908310060736;K 1018/1/KW;Wenecja K 1018/1/KW;100;
5908310063812;K 1018 KW;Wenecja K 1018 KW;100;
5908310060774;K 3012/1/KW;Wenecja K 3012/1/KW;100;
5908310061641;K 4011/1/KW;Wenecja K 4011/1/KW;100;
5908310061689;K 5002/1/KW;Wenecja K 5002/1/KW;100;
5908310061726;K 5002/2/KW;Wenecja K 5002/2/KW ;100;
5908310061764;K 5002/3/KW;Wenecja K 5002/3/KW;100;
5907632911269;OGMWN 2 KW;Wenecja OGMWN 2 KW;100;
5907632911597;OGMWN 3 KW;Wenecja OGMWN 3 KW;100;
5908310063867;K 1018 N;Witraż K 1018 N;100;
5908310060286;K 1018/1/N;Witraż K 1018/1/N;100;
5908310060590;K 3012/1/N;Witraż K 3012/1/N;100;
5908310060484;K 4011/1/N;Witraż K 4011/1/N;100;
5908310066936;K 5002/1/N;Witraż K 5002/1 N;100;
5908310060514;K 5002/2/N;Witraż K 5002/2 N;100;
5908310060545;K 5002/3/N;Witraż K 5002/3 N;100;
5907632911313;OGMWN 2 N;Witraż OGMWN 2 N;100;
5907632911627;OGMWN 3 N;Witraż OGMWN 3 N;100;
5908310068893;K 5002/1/Z M;Cadiz K 5002/1/Z M;100;
5908310069043;K 5002/2/Z M;Cadiz K 5002/2/Z M;100;
5908310069739;K 5002/3/Z M;Cadiz K 5002/3/Z M;100;
5908310060422;K 3012/1/TD P;Cordoba II K 3012/1/TD P;100;
5908310067032;K 5002/1/TD M;Cordoba II K 5002/1/TD M;100;
5908310067605;K 5002/2/TD M;Cordoba II K 5002/2/TD M;100;
5908310068220;K 5002/3/TD M;Cordoba II K 5002/3/TD M;100;
5908310067087;K 5002/1/TD Z;Cordoba II K 5002/1/TD Z;100;
5908310067636;K 5002/2/TD Z;Cordoba II K 5002/2/TD Z;100;
5908310068251;K 5002/3/TD Z;Cordoba II K 5002/3/TD Z;100;
5908310060224;K 3012/1/T P;Cordoba K 3012/1/T P;100;
5908310065731;K 3012/1/T M;Cordoba K 3012/1/T M;100;
5908310065458;K 3012/1/KPO OP M;Kule z koszykiem 200 K 3012/1/KPO OP M;100;
5908310066868;K 5002/1/KPO OP M;Kule z koszykiem 200 K 5002/1/KPO OP M;100;
5908310067506;K 5002/2/KPO OP M;Kule z koszykiem 200 K 5002/2/KPO OP M;100;
5908310068015;K 5002/3/KPO OP M;Kule z koszykiem 200 K 5002/3/KPO OP M;100;
5908310069050;K 3012/1/O P;Prince K 3012/1/O P;100;
5908310061344;K 3012/1/O M;Prince K 3012/1/O M;100;
5908310061368;K 4011/1/O M;Prince K 4011/1/O M;100;
5908310061375;K 5002/1/O M;Prince K 5002/1/O M;100;
5908310061382;K 5002/2/O M;Prince K 5002/2/O M;100;
5908310061399;K 5002/3/O M;Prince K 5002/3/O M;100;
5908310069142;K 5002/1/O P;Prince K 5002/1/O P;100;
5908310069180;K 5002/2/O P;Prince K 5002/2/O P;100;
5908310069241;K 5002/3/O P;Prince K 5002/3/O P;100;
5908310062334;K 3012/1/DH P;Retro Classic II K 3012/1/DH P;100;
5908310068336;K 3012/1/DH M;Retro Classic II K 3012/1/DH M;100;
5908310067124;K 3012/1/DHG P;Retro Classic II K 3012/1/DHG P;100;
5908310066097;K 4011/1/H ANT;Retro Classic II K 4011/1 H ANT;100;
5908310062532;K 5002/1/H P;Retro Classic II K 5002/1 H P;100;
5908310062631;K 5002/2/H P;Retro Classic II K 5002/2 H P;100;
5908310062730;K 5002/3/H P;Retro Classic II K 5002/3 H P;100;
5908310066523;K 5002/1/H M;Retro Classic II K 5002/1 H M;100;
5908310067186;K 5002/2/H M;Retro Classic II K 5002/2 H M;100;
5908310067667;K 5002/3/H M;Retro Classic II K 5002/3 H M;100;
5908310063317;K 3012/1/D P;Retro Classic K 3012/1/D P;100;
5908310065311;K 5002/1 P;Retro Classic K 5002/1 P;100;
5908310065328;K 5002/2 P;Retro Classic K 5002/2 P;100;
5908310065335;K 5002/3 P;Retro Classic K 5002/3 P;100;
5908310065410;K 5002/1 S;Retro Classic K 5002/1 S;100;
5908310065427;K 5002/2 S;Retro Classic K 5002/2 S;100;
5908310065434;K 5002/3 S;Retro Classic K 5002/3 S;100;
5908310063300;K 3012/1/M P;Retro Midi K 3012/1/M P;100;
5908310065571;K 3012/1/M M;Retro Midi K 3012/1/M M;100;
5908310065304;K 5002/2/M P;Retro Midi K 5002/2/M P;100;
5908310065403;K 5002/3/M P;Retro Midi K 5002/3/M P;100;
5908310068510;K 3012/1/R M;Toledo K 3012/1/R M;100;
5908310068619;K 4011/1/R S;Toledo K 4011/1/R S;100;
5908310068626;K 4011/1/R Z;Toledo K 4011/1/R Z;100;
5908310060996;K 5002/1/R P;Toledo K 5002/1/R P;100;
5908310061016;K 5002/2/R P;Toledo K 5002/2/R P;100;
5908310061023;K 5002/3/R P;Toledo K 5002/3/R P;100;
5908310068855;K 5002/1/R M;Toledo K 5002/1/R M;100;
5908310068978;K 5002/2/R M;Toledo K 5002/2/R M;100;
5908310069692;K 5002/3/R M;Toledo K 5002/3/R M;100;
5908310061610;K 5002/1/KW M;Wenecja K 5002/1/KW M;100;
5908310061627;K 5002/2/KW M;Wenecja K 5002/2/KW M;100;
5908310061634;K 5002/3/KW M;Wenecja K 5002/3/KW M;100;
5908310065663;K 3012/1/N M;Witraż K 3012/1/N M;100;
5908310060972;K 5002/1/N P;Witraż K 5002/1 N P;100;
5908310060248;K 5002/2/N P;Witraż K 5002/2 N P;100;
5908310060262;K 5002/3/N P;Witraż K 5002/3 N P;100;
5908310061863;K 3012/1/K 200 FU;Kule Classic K 3012/1/K 200 FU;100;
5908310063164;K 3012/1/K 250 FU;Kule Classic K 3012/1/K 250 FU;100;
5908310065038;K 3012/1/K 250 P FU;Kule classic K 3012/1/K 250 P FU;100;
5908310064994;K 3012/1/K 250 U FU;Kule classic K 3012/1/K 250 U FU;100;
5908310065069;K 3012/1/K 300 P FU;Kule classic K 3012/1/K 300 P FU;100;
5908310065045;K 3012/1/K 300 U FU;Kule Classic K 3012/1/K 300 U FU;100;
5908310061870;K 4011/1/K 200 FU;Kule Classic K 4011/1/K 200 FU;100;
5908310064161;K 4011/1/K 250 FU;Kule Classic K 4011/1/K 250 FU;100;
5908310066738;K 5002/1/KP 200 FU;Kule Classic K 5002/1/KP 200 FU;100;
5908310066165;K 5002/1/KP 250 FU;Kule Classic K 5002/1/KP 250 FU;100;
5908310061887;K 5002/2/KP 200 FU;Kule Classic K 5002/2/KP 200 FU;100;
5908310067162;K 5002/2/KP 250 FU;Kule Classic K 5002/2/KP 250 FU;100;
5908310061894;K 5002/3/KP 200 FU;Kule Classic K 5002/3/KP 200 FU;100;
5908310068169;K 5002/3/KP 250 FU;Kule Classic K 5002/3/KP 250 FU;100;
5907632910965;OGMWN 1 300 FU;Kule Classic OGMWN 1 300 FU;100;
5907632911115;OGMWN 2 300 FU;Kule Classic OGMWN 2 300 FU;100;
5907632911474;OGMWN 3 300 FU;Kule Classic OGMWN 3 300 FU;100;
5908310061061;K 1018/1/KPO FU;Kule z koszykiem 200 K 1018/1/KPO FU;100;
5908310063065;K 3012/1/KPO FU;Kule z koszykiem 200 K 3012/1/KPO FU;100;
5908310064062;K 4011/1/KPO FU;Kule z koszykiem 200 K 4011/1/KPO FU;100;
5908310066066;K 5002/1/KPO FU;Kule z koszykiem 200 K 5002/1/KPO FU;100;
5908310067063;K 5002/2/KPO FU;Kule z koszykiem 200 K 5002/2/KPO FU;100;
5908310068060;K 5002/3/KPO FU;Kule z koszykiem 200 K 5002/3/KPO FU;100;
5907632911214;OGMWN 2 KPO FU;Kule z koszykiem 200 OGMWN 2 KPO FU;100;
5907632911559;OGMWN 3 KPO FU;Kule z koszykiem 200 OGMWN 3 KPO 200 FU;100;
5908310064277;K 1018/1/KPO 250 FU;Kule z koszykiem 250 K 1018/1/KPO 250 FU;100;
5908310065243;K 3012/1/KPO 250 FU;Kule z koszykiem 250 K 3012/1/KPO 250 FU;100;
5907632910026;K 3012/1/KPO 250 U FU;Kule z koszykiem 250 K 3012/1/KPO 250 U FU;100;
5908310066257;K 4011/1/KPO 250 FU;Kule z koszykiem 250 K 4011/1/KPO 250 FU;100;
5908310066820;K 5002/1/KPO 250 FU;Kule z koszykiem 250 K 5002/1/KPO 250 FU;100;
5908310065557;K 5002/2/KPO 250 FU;Kule z koszykiem 250 K 5002/2/KPO 250 FU;100;
5907632911030;OGMWN 1 KPO 250 FU;Kule z koszykiem 250 OGMWN 1 KPO 250 FU;100;
5907632911160;OGMWN 2 KPO 250 FU;Kule z koszykiem 250 OGMWN 2 KPO 250 FU;100;
5907632911535;OGMWN 3 KPO 250 FU;Kule z koszykiem 250 OGMWN 3 KPO 250 FU;100;
5907632912068;G 200 Z 35 FU;Kule Classic G 200 Z 35 FU;100;
5907632912082;G 250 Z 35 FU;Kule Classic G 250 Z 35 FU;100;
5907632912105;G 300 Z 35 FU;Kule Classic G 300 Z 35 FU;100;
5908310060149;K 3012/1/KF 200 FU;Kule Classic II K 3012/1/KF FU;100;
5908310062211;K 4011/1/KF 200 FU;Kule Classic II K 4011/1/KF FU;100;
5907632912143;K 3012/1/KW G;Wenecja K 3012/1/KW G;100;
5907632912242;K 3012/1/NC;Witraż K 3012/1/NC;100;
5908310062471;Fundament Duży;Fundament Duży;61;
5908310062488;Fundament Mały;Fundament Mały;27;
5907632912136;Fundament Mini;Fundament Mini;100;
5908310062495;Fundament Maxi;Fundament Maxi;16;



