kod towaru;nazwa;ean;stan;dostepnosc
003064-000890;20032-WH LOT WL KINKIET BIAŁY/WHITE;2011005826579;12;-
003064-000892;C0076-06K-F4GQ VISTA LAMPA SUFITOWA ZŁOTA/GOLD;2011005763560;19;-
003064-000893;20037-WH POLYGON CL 4 SPOT BIAŁY/WHITE;2011005826708;0;-
003064-000894;92695 SANDY WL ROUND KINKIET BIAŁY/WHITE;2011005826494;299;500 week 52/2021 |
003064-000896;TS-170429F-WH MARESCA LAMPA PODŁOGOWA BIAŁA/WHITE;2011005757927;8;85 week 52/2021 | -
003064-000898;50603-WH SLICE WL KINKIET BIAŁY/WHITE;2011005826449;48;-
003064-000899;CK170208-1 COSTA KINKIET BIAŁY-CZARNY/WHITE&BLACK;2011005780970;11;-
003064-000900;20034-BK TUBO WL KINKIET CZARNY/BLACK;2011005826609;293;-
003064-000901;20039-WH QUADRY SL 1 SPOT BIAŁY/WHITE;2011005826746;577;-
003064-000902;20038-WH RONDOC SL 1 SPOT BIAŁY/WHITE;2011005826722;4559;-
003064-000903;20040-WH BOX CL GU10-AR111 SPOT BIAŁY/WHITE;2011005826456;6;-
003064-000905;92696 SANDY WL ROUND KINKIET CZARNY/BLACK;2011005826500;118;900 week 52/2021 |
003064-000906;20035-BK POLYGON CL 1 SPOT CZARNY/BLACK;2011005826623;0;-
003064-000909;20036-BK POLYGON CL 2 SPOT CZARNY/BLACK;2011005826661;0;-
003064-000910;92697 SANDY WL SQUARE KINKIET BIAŁY/WHITE;2011005826470;187;400 week 52/2021 |
003064-000913;TS-170429F-BK MARESCA LAMPA PODŁOGOWA CZARNA/BLACK;2011005757903;0;100 week 52/2021 | 100 in production | -
003064-000914;20033-WH GO SL T 2 SPOT BIAŁY/WHITE;2011005826593;43;-
003064-000915;20038-BK RONDOC SL 1 SPOT CZARNY/BLACK;2011005826715;3939;-
003064-000922;CK170205-2 MOLI SPOT CHROME;2011005780765;0;-
003064-000924;TK99515-2W ALEX SPOT BIAŁY/WHITE;2011005780932;0;-
003064-000925;CK8038-2 ELIA SPOT CHROME;2011005780901;96;-
003064-000926;CK170519-2 OSCAR SPOT BIAŁY-CHROME/WHITE&CHROME;2011005780826;0;-
003064-000928;50407-GD RONDOO SL 2 UP SPOT ZŁOTY/GOLD;2011005826425;0;-
003064-000930;CK170519-1 OSCAR KINKIET BIAŁY-CHROME/WHITE&CHROME;2011005780819;0;-
003064-000933;00312 CARRELLO LAMPA SUFITOWA CZARNA-CHROME/BLACK&CHROME;2011005780598;0;-
003064-000935;89200-GD QUADRO SL 1 UP SPOT ZŁOTY/GOLD;2011005826418;0;-
003064-000936;94354 RONDOO SL 1 UP SPOT ZŁOTY/GOLD;2011005826401;622;2000 week 52/2021 |
003064-000937;20036-AL POLYGON CL 2 SPOT ALU;2011005826685;0;-
003064-000940;91063 SOLA WL SQUARE KINKIET CZARNY+ZŁOTY/BLACK+GOLD;2011005668537;222;-
003064-000941;PL-15102-GD WICKLE LAMPA WISZĄCA MOSIĄDZ/BRASS;2011005736588;5;-
003064-000942;20035-WH POLYGON CL 1 SPOT BIAŁY/WHITE;2011005826630;0;-
003064-000944;W0076-01B-B5GQ VISTA KINKIET ZŁOTY/GOLD;2011005763607;91;-
003064-000945;91060 SOLA WL ROUND KINIET BIAŁY/WHITE;2011005668544;283;-
003064-000950;MD1703-1 DORIS LAMPA WISZĄCA CHROME;2011005763270;31;-
003064-000951;CK170205-1 MOLI KINKIET CHROME;2011005780758;0;-
003064-000952;CK99515-1W ALEX KINKIET BIAŁY/WHITE;2011005780925;35;-
003064-000954;P0360-06D-F4AC PRINCE LAMPA WISZĄCA;2011005763645;83;30 week 48/2021 | 20 week 52/2021 | -
003064-000955;CK8038-1 ELIA KINKIET CHROME;2011005780895;70;-
003064-000956;50603-BK/GD SLICE WL KINKIET CZARNY-ZŁOTY/BLACK-GOLD;2011005826432;215;-
003064-000963;20035-GD POLYGON CL 1 SPOT ZŁOTY/GOLD;2011005826654;1;-
003064-000969;C0360-05B-F4AC PRINCE LAMPA SUFITOWA;2011005763621;134;36 week 48/2021 | -
003064-000970;20039-BK QUADRY SL 1 SPOT CZARNY/BLACK;2011005826739;96;-
003064-000971;0044 CARRELLO LAMPA SUFITOWA CZARNA-CHROME/BLACK&CHROME;2011005780581;0;-
003064-000973;W0076-01B-B5GR VISTA KINKIET CHROME;2011005763614;123;24 week 48/2021 | -
003064-000975;W0076-01E-F4GQ VISTA KINKIET ZŁOTY/GOLD;2011005763584;75;-
003064-000976;W0076-01E-F4GR VISTA KINKIET CHROME;2011005763591;106;-
003064-000977;CK170519-3 OSCAR SPOT BIAŁY-CHROME/WHITE&CHROME;2011005780833;1;-
003064-000978;CK170208-3 COSTA SPOT BIAŁY-CZARNY/WHITE&BLACK;2011005780994;1;-
003064-000979;TK99515-3W ALEX SPOT BIAŁY/WHITE;2011005780949;0;-
003064-000981;CK8038-3 ELIA SPOT CHROME;2011005780918;3;108 January 2022 | -
003064-000982;MD1703-3B DORIS LAMPA WISZĄCA CHROME;2011005763294;0;-
003064-000989;PL-16051-BK+BRCP HIVE LAMPA WISZĄCA MIEDŹ+CZARNY/COPPER+BLACK;2011005736793;1;-
003064-000992;91067 TRANSFER WL 2 KINKIET CZARNY+ZŁOTY/BLACK+GOLD;2011005668513;290;800 week 52/2021 |
003064-000995;PL-15102-CH WICKLE LAMPA WISZĄCA CHROME;2011005736571;3;-
003064-000996;P0360-05B-F4AC PRINCE LAMPA WISZĄCA;2011005763638;33;50 week 48/2021 | 50 week 52/2021 | -
003064-000997;P0076-06K-F4GQ VISTA LAMPA WISZĄCA ZŁOTA/GOLD;2011005763577;47;-
003064-001000;C0076-05L-F4FZ CRYSTAL LAMPA SUFITOWA;2012780220019;273;-
003064-001001;C0076-06X-F4FZ CRYSTAL LAMPA SUFITOWA;2011000197636;123;-
003064-001002;F0076-04A-F4FZ CRYSTAL LAMPA PODŁOGOWA;2011000197643;142;-
003064-001003;P0076-05L-F4FZ CRYSTAL LAMPA WISZĄCA;2012780220040;403;-
003064-001004;P0076-06X-F4FZ CRYSTAL LAMPA WISZĄCA;2011002707086;282;-
003064-001005;W0076-01D-F4FZ CRYSTAL KINKIET;2011003404359;279;-
003064-001006;W0076-01A-B5FZ CRYSTAL KINKIET;2011004202411;2;15 week 52/2021 | 285 week 50/2021| -
003064-001007;W0076-02A-B5FZ CRYSTAL KINKIET;2011004202428;140;-
003064-001008;P0076-01A-F4FZ CRYSTAL LAMPA WISZĄCA;2011004202435;204;100 week 48/2021 | 100 week 52/2021 | -
003064-001009;P0076-03M-B5FZ CRYSTAL LAMPA WISZĄCA;2011004202442;195;62 week 48/2021 | -
003064-001010;P0076-05M-B5FZ CRYSTAL LAMPA WISZĄCA;2011004202459;73;-
003064-001011;P0076-07M-B5FZ CRYSTAL LAMPA WISZĄCA;2011004202473;70;47 week 52/2021 | -
003064-001012;P0076-03N-B5FZ CRYSTAL LAMPA WISZĄCA;2011004202749;186;50 week 48/2021 | 50 week 52/2021 | -
003064-001013;P0076-03R-F4FZ CRYSTAL II LAMPA WISZĄCA;2011000968762;97;-
003064-001014;P0076-03S-F4FZ CRYSTAL II LAMPA WISZĄCA;2011003990784;270;29 week 48/2021 | -
003064-001015;P0174-10A-F4AC ANTARCTICA LAMPA WISZĄCA;2011001569531;59;-
003064-001016;W0174-02S-F4AC ANTARCTICA KINKIET;2011001569579;24;30 week 48/2021 | -
003064-001018;W0066-01A-B5B5 BELLA KINKIET;2011001569586;173;150 week 50/2021| -
003064-001019;P1550-03A-F4B3 JEWELERY LAMPA WISZĄCA;2011001569647;0;-
003064-001020;P1550-05A-F4B3 JEWELERY LAMPA WISZĄCA;2011001569654;25;100 week 52/2021 | -
003064-001021;W1550-01A-F4B3 JEWELERY KINKIET;2011001569661;92;50 week 52/2021 | -
003064-001022;W0246-01A-B5AC JASMINE KINKIET;2011001673825;102;100 week 50/2021| -
003064-001023;P0226-01A-F4RK PERLE LAMPA WISZĄCA;2011001674136;43;-
003064-001024;P0226-03B-F4RK PERLE LAMPA WISZĄCA;2011001674198;36;-
003064-001025;P0226-04H-B5RK PERLE LAMPA WISZĄCA;2011001674204;27;-
003064-001026;C0317-04C-S8A1 SOLE LAMPA SUFITOWA;2011004186773;82;32 week 48/2021 | 68 week 48/2021 | 50 week 52/2021 | -
003064-001029;P0317-03H-S8A1 SOLE LAMPA WISZĄCA;2011004186803;20;-
003064-001030;P0317-05H-S8A1 SOLE LAMPA WISZĄCA;2011004186810;35;-
003064-001031;P0317-06H-S8A1 SOLE LAMPA WISZĄCA;2011004186827;0;-
003064-001035;MD2101-1W CHAMPAGNE LAMPA WISZĄCA;2011001680281;0;200 in production | -
003064-001036;MD2101A-3W CHAMPAGNE LAMPA WISZĄCA;2011001680304;0;100 in production | -
003064-001038;MD2101B-3W CHAMPAGNE LAMPA WISZĄCA;2011001680328;0;200 in production | -
003064-001043;MC2070-5BL CHANDELIER LAMPA SUFITOWA;2011001680533;0;-
003064-001044;MB2070-1BL CHANDELIER KINKIET;2011002378842;0;-
003064-001045;MD2128-1W LIBRA LAMPA WISZĄCA;2011002378576;76;300 in production | -
003064-001047;MD2128-1R LIBRA LAMPA WISZĄCA;2011002378590;2;50 in production | -
003064-001048;MD2128B-3W LIBRA LAMPA WISZĄCA;2011002378606;27;50 in production | -
003064-001050;MD2128B-3R LIBRA LAMPA WISZĄCA;2011002378620;0;50 in production | -
003064-001054;TS-5805-BK ZODIAC LAMPA PODŁOGOWA CZARNA;2011001575778;0;205 week 52/2021 | 50 in production | -
003064-001055;TS-010121W VISION LAMPA PODŁOGOWA;2011001575808;0;100 week 52/2021 | 50 in production | -
003064-001056;TS-010121MM SOHO LAMPA PODŁOGOWA;2011001575815;0;210 week 52/2021 | 190 in production | -
003064-001057;TS-090522F-BK ANTENNE LAMPA PODŁOGOWA;2011002133823;0;205 week 52/2021 | 195 in production | -
003064-001058;TS-071003P-BKGO ANTENNE LAMPA WISZĄCA;2011004003452;0;100 week 52/2021 | 100 in production | -
003064-001060;TS-120404P-BKGO ANTENNE LAMPA WISZĄCA;2011004500975;0;100 week 52/2021 | 50 in production | -
003064-001061;TS-071003PM-BKGO ANTENNE LAMPA WISZĄCA;2011004500982;0;-
003064-001063;TS-5805G VENTI CHROME LAMPA PODŁOGOWA;2011003404380;0;155 week 52/2021 | 100 in production | -
003064-001065;TS-061121F MADISON LAMPA PODŁOGOWA;2011003564961;0;100 in production | -
003064-001066;TS-061121M MANHATTAN LAMPA PODŁOGOWA;2011003564978;4;140 in production | -
003064-001067;TS-065909F ENERGY LAMPA PODŁOGOWA;2011003564985;0;-
003064-001068;TS-060216F DECO LAMPA PODŁOGOWA;2011003564992;0;190 in production | -
003064-001069;TS-060216T DECO LAMPA STOŁOWA;2011003565005;15;190 in production | -
003064-001070;TS-062909F-BR SEVILLE LAMPA PODŁOGOWA;2011003565029;0;-
003064-001072;TS-050402F-BKGO LUZIA LAMPA PODŁOGOWA;2011004003070;0;105 week 52/2021 | 95 in production | -
003064-001073;TS-070720F-BK COSTANZA LAMPA  PODŁOGOWA;2011004003117;0;100 week 52/2021 | 100 in production | -
003064-001076;TS-110314F-WH LORITA LAMPA PODŁOGOWA;2011004597586;14;50 in production | -
003064-001077;TS-110314T-WH LORITA LAMPA STOŁOWA;2011004597593;0;-
003064-001078;TS-110611P-CH CANDE LAMPA WISZĄCA;2011004003421;0;-
003064-001079;TS-110611P-BK CANDE LAMPA WISZĄCA;2011004003438;0;-
003064-001080;TS-110611P-WH CANDE LAMPA WISZĄCA;2011004003445;0;-
003064-001081;TS-081111P-BK DOTS LAMPA WISZĄCA;2011004003483;0;50 week 52/2021 | 50 in production | -
003064-001083;TS-5805-BKGO BRANCA LAMPA PODŁOGOWA;2011004185950;0;260 week 52/2021 | 190 in production | -
003064-001087;1005-W/G SECTION KINKIET BIAŁY/ZŁOTY;2011002059369;0;-
003064-001089;1376 TORNADO KINKIET;2011002729187;0;-
003064-001090;1235-BG CONCEPT KINKIET CZARNY\ZŁOTY;2011002729200;0;-
003064-001091;1235-WG CONCEPT KINKIET BIAŁY/ZŁOTY;2011002729217;0;-
003064-001094;RLB94023-1B PICTOR KINKIET;2011002533180;73;102 week 46/2021 | -
003064-001095;RLB94023-1W PICTOR KINKIET;2011002533197;75;102 week 46/2021 | -
003064-001096;RLX94023-3B PICTOR LAMPA SUFITOWA;2011002533203;3;100 in production | -
003064-001097;RLX94023-3W PICTOR LAMPA SUFITOWA;2011002533210;64;100 in production | -
003064-001100;RLD92093-4 ROSA LAMPA WISZĄCA;2011002533432;0;100 in production | -
003064-001108;RLT94118-1B CERI LAMPA STOŁOWA;2011002893185;1;200 in production | -
003064-001109;RLD94103-5 CARMEN LAMPA WISZĄCA;2011002893321;134;100 in production | -
003064-001110;RLD94103-3 CARMEN LAMPA WISZĄCA;2011002893338;212;-
003064-001111;RLB94103-1 CARMEN KINKIET;2011002893345;171;100 in production | -
003064-001112;RLD92132-5 LUCE LAMPA WISZĄCA;2011002893413;224;100 week 46/2021 | -
003064-001113;RLD93139-4A CAFE LAMPA WISZĄCA;2011003404397;143;200 week 46/2021 | 200 in production | -
003064-001114;RLD93139-4B CAFE LAMPA WISZĄCA;2011003404403;171;200 week 46/2021 | 100 in production | -
003064-001117;RLD94104-1C ELBA LAMPA WISZĄCA;2011004562614;300;300 week 46/2021 | -
003064-001118;RLT93178-1A MARVEL LAMPA STOŁOWA;2011004562690;119;150 week 46/2021 | 100 in production | -
003064-001119;RLT93163-1B REA II LAMPA STOŁOWA;2011004562706;204;100 in production | -
003064-001120;RLT93163-1W REA II LAMPA STOŁOWA;2011004562713;134;200 week 46/2021 | 200 in production | -
003064-001121;RLD93023-2A INEZ LAMPA WISZĄCA;2011004562812;107;100 week 46/2021 | 150 in production | -
003064-001122;RLD93023-3A INEZ LAMPA WISZĄCA;2011004562843;34;100 in production | -
003064-001124;RLX94188-4 MEDEL LAMPA SUFITOWA;2011004563116;120;-
003064-001125;MX1104-2 TANGO LAMPA SUFITOWA SREBRNA;2011002707222;4;150 week 52/2021 | -
003064-001127;MD1104-2 TANGO LAMPA WISZĄCA CZARNA;2011002707253;0;200 week 52/2021 | -
003064-001128;MD9023-1L PICO LAMPA WISZĄCA CZARNA;2011002707307;0;100 week 52/2021 | -
003064-001129;MX9023-1L PICO LAMPA SUFITOWA SREBRNA;2011004554657;0;50 week 52/2021 | -
003064-001131;MD9023-1S PICO LAMPA WISZĄCA SREBRNA;2011004554671;0;104 week 52/2021 | -
003064-001133;MD9023-3B PICO LAMPA WISZĄCA SREBRNA;2011004554930;26;100 week 52/2021 | -
003064-001135;MD1458-1L CIRO LAMPA WISZĄCA SREBRNA;2011004363563;9;-
003064-001139;50475-BK COLOR DL1 SPOT SQUARE CZARNY/BLACK;2011003611139;341;-
003064-001140;50475-WH COLOR DL1 SPOT SQUARE BIAŁY/WHITE;2011003611146;365;-
003064-001141;50407-WH RONDOO SL 2 SPOT UP BIAŁY/WHITE;2011003611153;506;500 week 52/2021 |
003064-001142;50407-BK RONDOO SL 2 SPOT UP CZARNY/BLACK;2011003611160;494;-
003064-001143;89201 RONDOO SL 1 UP SPOT CZARNY-ALU/BLACK-ALU;2011003611184;2731;-
003064-001144;44805 RONDOO SL 1 UP SPOT ALUMINIUM;2011003611191;467;-
003064-001145;45519 RONDOO SL 1 UP SPOT BIAŁY/WHITE;2011003611207;3209;-
003064-001146;89313 DEEP SL 1 SPOT BLACK-GOLD;2011003611177;455;500 week 52/2021 |
003064-001147;50484-G9 GO SL 1 SPOT CZARNY/BLACK;2011004021838;167;-
003064-001148;50485-G9 GO SL 2 SPOT CZARNY/BLACK;2011004021845;175;400 week 52/2021 |
003064-001149;89962-G9 GO SL 1 SPOT BIAŁY/WHITE;2011004021852;205;-
003064-001150;89964-G9 GO SL 2 SPOT BIAŁY/WHITE;2011004021913;525;-
003064-001151;89200-BK QUADRO SL 1 UP SPOT CZARNY/BLACK;2011004021975;973;-
003064-001152;89200-WH QUADRO SL 1 UP SPOT BIAŁY/WHITE;2011004021982;1187;-
003064-001153;HP1335-WH SKELETON LAMPA WISZĄCA BIAŁA/WHITE;2011004420402;0;-
003064-001154;HP1342 STONE LAMPA WISZĄCA;2011004420419;10;-
003064-001159;P1305-01S-F4AB NAOMI LAMPA WISZĄCA;2011004805667;106;-
003064-001174;C0076-05K-F4GR VISTA LAMPA SUFITOWA SREBRNA;2011004907170;71;100 week 52/2021 | -
003064-001175;C0076-06K-F4GR VISTA LAMPA SUFITOWA;2011004907187;64;-
003064-001176;P0076-05K-F4GR VISTA LAMPA WISZĄCA CHROM;2011004907194;130;-
003064-001178;P0076-06K-F4GR VISTA LAMPA WISZĄCA;2011004907217;135;-
003064-001179;C0076-01D-F4K9 RAIN LAMPA SUFITOWA;2011004915151;80;80 week 48/2021 | 50 week 51/2021 -
003064-001180;C0076-05L-F4K9 RAIN LAMPA SUFITOWA;2011004915168;43;100 week 50/2021| -
003064-001182;P0076-01D-F4K9 RAIN LAMPA WISZĄCA;2011004915182;36;80 week 48/2021 | -
003064-001187;T0076-03D-F4K9 RAIN LAMPA STOŁOWA;2011004915250;37;-
003064-001188;W0076-01D-F4K9 RAIN KINKIET;2011004915274;74;-
003064-001198;HP1392-500-BL+PB ANDREA LAMPA WISZĄCA;2011004958745;0;-
003064-001199;HP1392-C-500-BL+PB ANDREA LAMPA SUFITOWA;2011004958752;0;-
003064-001205;RLX96700-1 ALTA LAMPA SUFITOWA;2011005262940;0;-
003064-001206;RLT93350-1A LETA LAMPA STOŁOWA;2011005262957;254;300 week 46/2021 | 100 in production | -
003064-001207;RLT93350-1B LETA LAMPA STOŁOWA;2011005262964;175;200 week 46/2021 | 100 in production | -
003064-001208;RLD94350-5B CESARE LAMPA WISZĄCA;2011005262971;39;50 week 46/2021 | -
003064-001209;RLD94350-5A CESARE LAMPA WISZĄCA;2011005262988;13;50 week 46/2021 | -
003064-001211;RLT93224-1A BELLO LAMPA STOŁOWA;2011005263015;184;220 week 46/2021 | 100 in production | -
003064-001212;RLT93224-1B BELLO LAMPA STOŁOWA;2011005263022;192;100 in production | -
003064-001213;RLD94217-6A NOVIA LAMPA WISZĄCA;2011005263039;38;100 in production | 100 in production | -
003064-001214;C0173-07W-B5B3 BLINK LAMPA SUFITOWA;2011005455663;44;28 week 48/2021 | 72 week 52/2021 | -
003064-001215;P0173-05W-F4B3 BLINK LAMPA WISZĄCA;2011005455670;180;44 week 48/2021 | 50 week 52/2021 | -
003064-001216;P0173-07W-F4B3 BLINK LAMPA WISZĄCA;2011005455687;115;-
003064-001222;W0173-02A-F4B3  BLINK KINKIET;2011005455762;113;50 week 51/2021 -
003064-001227;P0369-03A-B5GR PIOLI LAMPA WISZĄCA;2011005469608;0;-
003064-001228;W0369-01A-B5GR PIOLI KINKIET;2011005469677;0;-
003064-001235;P0404-01A-F4AC AURELIA LAMPA WISZĄCA;2011005469851;0;50 week 50/2021| -
003064-001240;W0404-01A-B5AC AURELIA KINKIET;2011005470024;46;50 week 48/2021 | -
003064-001250;P0386-01A-F4AC GIANNA LAMPA WISZĄCA;2011005470208;0;-
003064-001260;MX48002-2B VALENTI LAMPA SUFITOWA;2011005474411;2;-
003064-001261;MX48002-4 VALENTI LAMPA SUFITOWA;2011005474428;0;-
003064-001275;PL1100014-5 CARRELLO LAMPA SUFITOWA;2011005478297;0;-
003064-001276;PL1100014-3 CARRELLO LAMPA SUFITOWA;2011005478303;87;-
003064-001278;L99832-1 PISTA LAMPA WISZĄCA;2011005478327;122;-
003064-001280;CK99892-1 SICA SPOT;2011005479799;1;-
003064-001283;CK99893-1 RAO SPOT;2011005479829;0;-
003064-001285;CK99893-3 RAO SPOT;2011005479843;0;-
003064-001286;CK99603A-1 SPAZIO SPOT;2011005479867;3;120 January 2022 | -
003064-001287;CK99603A-2 SPAZIO SPOT;2011005479874;2;108 January 2022 | -
003064-001289;CK99603A-4 SPAZIO SPOT;2011005479898;0;104 January 2022 | -
003064-001294;TS-060216F-CHWH DECO LAMPA PODŁOGOWA CHROME;2011005481884;0;195 in production | -
003064-001295;TS-060216T-CHWH DECO LAMPA STOŁOWA CHROME;2011005481891;3;100 in production | -
003064-001299;TS-140123P-CH CANDE LAMPA WISZĄCA CHROME;2011005481938;42;-
003064-001300;MD1621-1 VERO LAMPA WISZĄCA MIEDŹ/COPPER;2011005483215;0;127 week 52/2021 | -
003064-001321;TS-071003P-BKSI ANTENNE LAMPA WISZĄCA;2011005662375;0;-
003064-001326;TS-140605W-BK CANDE KINKIET;2011005662498;0;-
003064-001331;TS-101015P-BKGO MARCO LAMPA WISZĄCA;2011005662610;0;100 in production | -
003064-001339;MB1622-1 ENZO KINKIET CHROME TRANSPARENT;2011005666823;0;-
003064-001343;MT9023-1S PICO LAMPA STOŁOWA CZARNA CHROM/BLACK CHROME;2011005666908;0;-
003064-001344;20001-BK LOMO CL 1 SPOT CZARNY/BLACK;2011005668216;250;-
003064-001345;20001-WH LOMO CL 1 SPOT BIAŁY/WHITE;2011005668223;49;500 week 52/2021 |
003064-001346;20014-WH TORI SL 1 SPOT BIAŁY+ZŁOTY/WHITE+GOLD;2011005668322;346;-
003064-001347;92702 CHUCK DL ROUND SPOT CZARNY+ZŁOTY/BLACK+GOLD;2011005668421;710;-
003064-001348;92699 CHUCK DL ROUND SPOT BIAŁY/WHITE;2011005668438;1;1200 week 52/2021 |
003064-001349;92700 CHUCK DL ROUND SPOT CZARNY/BLACK;2011005668445;473;-
003064-001350;92703 CHUCK DL SQUARE SPOT BIAŁY/WHITE;2011005668452;1025;-
003064-001351;92704 CHUCK DL SQUARE SPOT CZARNY/BLACK;2011005668469;290;-
003064-001352;92706 CHUCK DL SQUARE SPOT CZARNY+ZŁOTY/BLACK+GOLD;2011005668476;467;400 week 52/2021 |
003064-001353;92679 TUBA SL 1 KINKIET BIAŁY/WHITE;2011005668483;337;-
003064-001354;92680 TUBA SL 1 KINKIET CZARNY/BLACK;2011005668490;1214;-
003064-001355;91066 TRANSFER WL 2 KINKIET BIAŁY/WHITE;2011005668506;317;-
003064-001356;91061 SOLA WL ROUND KINKIET CZARNY+ZŁOTY/BLACK+GOLD;2011005668551;96;-
003064-001357;90842 TRANSFER WL KINKIET CZARNY/BLACK;2011005668568;574;-
003064-001362;RLD93139-4C CAFÉ LAMPA WISZĄCA JASNA SZARA/LIGHT GREY;2011005763850;27;50 week 46/2021 | 50 in production | 100 in production | -
003064-001363;RLD93139-4LB CAFÉ LAMPA WISZĄCA CZARNA/BLACK;2011005763867;0;100 in production | -
003064-001364;RLD93139-4LA CAFÉ LAMPA WISZĄCA BIAŁA/WHITE;2011005763874;152;100 in production | -
003064-001367;RLD94016-5B MAGNOLIA LAMPA WISZĄCA CZARNA/BLACK;2011005764000;1113;580 week 46/2021 | -
003064-001368;RLB94016-2B MAGNOLIA KINKIET CZARNY/BLACK;2011005764017;577;200 week 46/2021 | -
003064-001373;MX48006-3K DARIO LAMPA SUFITOWA;2011005666366;0;-
003064-001374;20034-CH TUBO WL KINKIET CHROM;2011005826616;259;-
003064-001385;HP1463-BL ROD LAMPA WISZĄCA CZARNA/BLACK;2011005651546;0;-
003064-001395;HP1811-12 CANDEL LAMPA WISZĄCA;2011005653182;0;-
003064-001406;SL570-2-SS+GR PEDRO LAMPA PODŁOGOWA SZARA/GREY;2011005653670;0;-
003064-001407;92703-GD CHUCK DL SQUARE SPOT ZŁOTY/GOLD;2011005843668;0;-
003064-001411;CK99603A-1B SPAZIO KINKIET CZARNY-CHROME/BLACK&CHROME;2011005780635;3;120 January 2022 | -
003064-001412;CK99603A-2B SPAZIO SPOT CZARNY-CHROME/BLACK&CHROME;2011005780642;9;108 January 2022 | -
003064-001413;CK99603A-3B SPAZIO SPOT CZARNY-CHROME/BLACK&CHROME;2011005780666;6;108 January 2022 | -
003064-001414;CK99603A-4B SPAZIO LAMPA SUFITOWA CZARNA-CHROME/BLACK&CHROME;2011005780673;1;104 January 2022 | -
003064-001529;HP1335-BL SKELETON LAMPA WISZĄCA CZARNA/BLACK;2011004420389;0;-
003064-001555;MD1104-2 TANGO LAMPA WISZĄCA SREBRNA;2011002707246;0;200 week 52/2021 | -
003064-001556;MD9023-1L PICO LAMPA WISZĄCA SREBRNA;2011002707291;0;50 week 52/2021 | -
003064-001563;MX1104-2L TANGO LAMPA SUFITOWA SREBRNA;2011004554961;32;-
003064-001564;MX1104-2L TANGO LAMPA SUFITOWA CZARNA;2011004554978;0;150 week 52/2021 | -
003064-001565;MD1104-2L TANGO LAMPA WISZĄCA SREBRNA;2011004554985;8;100 week 52/2021 | -
003064-001566;MD1104-2L TANGO LAMPA WISZĄCA CZARNA;2011004555012;0;150 week 52/2021 | -
003064-001575;MD1510-1 SILA LAMPA WISZĄCA CHROM/CHROME;2011004915656;0;-
003064-001584;MD1621-1 VERO LAMPA WISZĄCA CHROME;2011005483192;127;-
003064-001591;MD1318-5 BIAGIO LAMPA WISZĄCA CHROME TRANSPARENT;2011005666885;0;-
003064-001621;RLB94016-2A MAGNOLIA KINKIET;2011002533357;561;-
003064-001622;RLD94016-5A MAGNOLIA LAMPA WISZĄCA;2011002533531;840;580 week 46/2021 | -
003064-001633;RLT93174-1W CERI LAMPA STOŁOWA;2011002893208;0;52 in production | -
003064-001642;RLD93024-1A BULB LAMPA WISZĄCA;2011004562621;27;50 week 46/2021 | 50 in production | -
003064-001643;RLL93024-1A BULB LAMPA PODŁOGOWA;2011004562638;91;15 week 46/2021 | 50 in production | -
003064-001645;RLX93023-2A INEZ LAMPA SUFITOWA;2011004562799;0;200 in production | -
003064-001646;RLX93023-3A INEZ LAMPA SUFITOWA;2011004562805;0;150 in production | 150 in production | -
003064-001647;RLD93350-1B LETA LAMPA WISZĄCA;2011004562850;159;117 week 46/2021 | 83 week 46/2021 | 200 in production | -
003064-001648;RLD93350-1W LETA LAMPA WISZĄCA;2011004562881;302;-
003064-001649;RLD92193-6 ARTEMIDA LAMPA WISZĄCA;2011004562928;68;100 week 46/2021 | -
003064-001650;RLD92193-5 ARTEMIDA LAMPA WISZĄCA;2011004562935;5;50 in production | -
003064-001658;RLL93163-1B REA II LAMPA PODŁOGOWA CZARNA/BLACK;2011004562768;40;100 week 46/2021 | 80 in production | -
003064-001659;RLL93163-1W REA II LAMPA PODŁOGOWA BIAŁA/WHITE;2011004562775;0;50 week 46/2021 | 80 in production | -
003064-001673;RLX92350-20 SERPENTIS LAMPA SUFITOWA;2011005455922;0;80 in production | -
003064-001678;RLX92711-5 RANGEL LAMPA SUFITOWA SREBRNA/SILVER;2011005763706;175;200 in production | 350 in production | -
003064-001679;RLX94874-5 ALEX LAMPA SUFITOWA SREBRNA/SILVER;2011005763713;130;100 in production | -
003064-001680;RLB94875-1 CLOE KINKIET CZARNY/BLACK;2011005763720;85;400 in production | -
003064-001681;RLD93163-1B REA II LAMPA WISZĄCA CZARNA/BLACK;2011005763737;24;80 in production | -
003064-001682;RLD93163-1W REA II LAMPA WISZĄCA BIAŁA/WHITE;2011005763744;10;80 in production | -
003064-001685;RLD931019-3 FAUSTO LAMPA WISZĄCA CZARNA/BLACK;2011005763775;62;102 week 46/2021 | 102 in production | -
003064-001697;RLT94350-3B CESARE LAMPA STOŁOWA CZARNA/BLACK;2011005763966;0;-
003064-001698;RLT94350-3A CESARE LAMPA STOŁOWA BIAŁA/WHITE;2011005763973;0;-
003064-001699;RLD93350-L1B LETA LAMPA WISZĄCA CZARNA/BLACK;2011005763980;116;150 week 46/2021 | 100 in production | -
003064-001700;RLD93350-L1W LETA LAMPA WISZĄCA BIAŁA/WHITE;2011005763997;21;100 in production | -
003064-001709;MJ65-3 NEW YORK LAMPA PODŁOGOWA;2012830220211;2;-
003064-001728;MD2128A-3W LIBRA LAMPA WISZĄCA;2011002378637;0;100 in production | -
003064-001733;MD2106-1C CALLA LAMPA WISZĄCA;2011002893796;0;-
003064-001767;MD2101-1S CHAMPAGNE LAMPA WISZĄCA SMOKY;2011005780376;105;-
003064-001769;MD2101A-3S CHAMPAGNE LAMPA WISZĄCA SMOKY;2011005780444;0;100 in production | -
003064-001770;MD2128-1S LIBRA LAMPA WISZĄCA SMOKY;2011005780468;0;400 in production | -
003064-001771;MD2128A-3S LIBRA LAMPA WISZĄCA SMOKY;2011005780475;0;250 in production | -
003064-001772;MD2128B-3S LIBRA LAMPA WISZĄCA SMOKY;2011005780499;74;150 in production | -
003064-001811;P0076-03E-F4FZ CRYSTAL II LAMPA WISZĄCA;2017001912599;193;-
003064-001812;T0076-03E-F4FZ CRYSTAL II LAMPA STOŁOWA;2011000968847;132;-
003064-001820;C0109-04A-F4AC ANTARCTICA LAMPA SUFITOWA;2011001673672;31;-
003064-001821;P0226-05B-F4RK PERLE LAMPA WISZĄCA;2011001674235;44;-
003064-001822;W0226-01A-F4RK PERLE KINKIET;2011001674242;65;-
003064-001869;P1305-03S-B5AB NAOMI LAMPA WISZĄCA;2011004805681;0;-
003064-001871;W1305-01S-A0AB NAOMI KINKIET;2011004805704;0;-
003064-001905;W0354-01B-F4QL LUCAS KINKIET SILVER;2011005666649;46;27 week 48/2021 | 73 week 50/2021| -
003064-001921;C0076-05K-F4GQ VISTA LAMPA SUFITOWA ZŁOTA/GOLD;2011005763553;63;-
003064-001922;W0360-01A-B5AC PRINCE KINKIET;2011005763652;156;100 week 48/2021 | 150 December 2021 | -
003064-001937;90432-G9 BOX SL 1 SPOT CZARNY/BLACK;2011004021937;399;-
003064-001938;90433-G9 BOX SL 2 SPOT CZARNY/BLACK;2011004021944;43;400 week 52/2021 |
003064-001939;89947-G9 BOX SL 1 SPOT BIAŁY/WHITE;2011004021951;302;400 week 52/2021 |
003064-001940;89949-G9 BOX SL 2 SPOT BIAŁY/WHITE;2011004021968;143;-
003064-001941;50631 BOX LAMPA SUFITOWA CL G9 RD BIAŁA/WHITE;2011004425582;0;400 week 52/2021 |
003064-001944;20003-WH LOMO SL 1 SPOT BIAŁY/WHITE;2011005668247;1;-
003064-001945;20004-BK LOMO SL 2 SPOT CZARNY/BLACK;2011005668254;0;-
003064-001946;20004-WH LOMO SL 2 SPOT BIAŁY/WHITE;2011005668261;0;-
003064-001947;20005-BK GINO DL 1 SPOT CZARNY/BLACK;2011005668278;0;-
003064-001948;20005-WH GINO DL 1 SPOT BIAŁY/WHITE;2011005668285;0;-
003064-001949;20006-BK GINO DL 2 SPOT CZARNY/BLACK;2011005668292;0;-
003064-001950;20006-WH GINO DL 2 SPOT BIAŁY/WHITE;2011005668308;0;-
003064-001951;20014-BK TORI SL 1 SPOT CZARNY+ZŁOTY/BLACK+GOLD;2011005668315;415;600 week 52/2021 |
003064-001952;20015-BK TORI SL 2 SPOT CZARNY/BLACK;2011005668339;258;1000 week 52/2021 |
003064-001953;20015-WH TORI SL 2 SPOT BIAŁY/WHITE;2011005668346;461;-
003064-001954;20016-BK TORI SL 3 SPOT CZARNY/BLACK;2011005668353;1;-
003064-001955;20016-WH TORI SL 3 SPOT BIAŁY/WHITE;2011005668360;123;-
003064-001959;91062 SOLA WL SQUARE KINKIET BIAŁY/WHITE;2011005668520;121;-
003064-001963;TS-5805 ZODIAC LAMPA PODŁOGOWA CHROM;2011001575761;0;310 week 52/2021 | 280 in production | -
003064-001966;TS-090522F-BKSI ANTENNE LAMPA PODŁOGOWA;2011003565012;0;-
003064-001990;MF57030-A FERRO LAMPA PODŁOGOWA SREBRNY/SILVER;2011005474084;1;-
003064-001992;MX9023-1L PICO LAMPA SUFITOWA CZARNA;2011004554664;0;50 week 52/2021 | -
003064-001993;MD9023-1S PICO LAMPA WISZĄCA CZARNA;2011004554923;0;200 week 52/2021 | -
003064-001994;MD9023-3B PICO LAMPA WISZĄCA CZARNA;2011004554954;0;150 week 52/2021 | -
003064-001995;MD1629-1 MONIC LAMPA WISZĄCA CHROME;2011005483253;258;-
003064-001996;MD1629-1 MONIC LAMPA WISZĄCA MIEDŹ/COPPER;2011005483260;101;-
003064-001997;MD1629-3A MONIC LAMPA WISZĄCA CHROME;2011005483291;70;39 week 52/2021 | -
003064-001998;MD1629-3B MONIC LAMPA WISZĄCA MIEDŹ/COPPER;2011005483390;112;-
003064-001999;MD1629-5B MONIC LAMPA WISZĄCA CHROME;2011005483413;90;-
003064-002000;P0076-05K-F4GQ VISTA LAMPA WISZĄCA ZŁOTA;2011004907200;148;-
003064-002001;C0076-06X-F4K9 RAIN LAMPA SUFITOWA;2011004915175;81;40 week 52/2021 | 60 week 50/2021| -
003064-002002;P0076-05L-F4K9 RAIN LAMPA WISZĄCA;2011004915229;101;50 week 51/2021 -
003064-002003;P0076-06X-F4K9 RAIN LAMPA WISZĄCA;2011004915236;91;30 week 48/2021 | 20 week 52/2021 | -
003064-002004;92698 SANDY WL SQUARE KINKIET CZARNY/BLACK;2011005826487;438;800 week 52/2021 |
003064-003315;MX1104-2 TANGO LAMPA SUFITOWA CZARNA;2011002707239;3;150 week 52/2021 | -
003064-003316;P0369-01D-F4GW PIOLI LAMPA WISZĄCA;2011005469592;0;-
003064-003318;P0369-01A-F4GR PIOLI LAMPA WISZĄCA;2011005469547;0;50 week 50/2021| -
003064-003320;TS-110314F-BK LORITA LAMPA PODŁOGOWA;2011004003384;0;200 week 52/2021 | 190 in production | -
003064-003489;P0461-01A-F4F4 LOYA LAMPA WISZĄCA CHROME;2011005986419;395;-
003064-003490;P0461-01A-F7F7 LOYA LAMPA WISZĄCA ZŁOTA/GOLD;2011005986426;195;-
003064-003491;P0461-01A-L7L7 LOYA LAMPA WISZĄCA MIEDŹ/COPPER;2011005986433;103;100 January 2022 | 200 in production | -
003064-003492;P0461-01A-S8S8 LOYA LAMPA WISZĄCA BIAŁA/WHITE;2011005986440;0;200 January 2022 | -
003064-003493;P0461-01A-L8L8 LOYA LAMPA WISZĄCA CZARNA/BLACK;2011005986457;1342;-
003064-003494;P0461-09C-B5SC LOYA LAMPA WISZĄCA CHROME+GOLD+COPPER;2011005986464;44;-
003064-003495;P0461-09C-B5SB LOYA LAMPA WISZĄCA GOLD+MATT WHITE;2011005986471;60;-
003064-003496;P0461-11A-B5SC LOYA LAMPA WISZĄCA CHROME+GOLD+COPPER;2011005986488;82;-
003064-003499;P0454-12C-SDGF RIANO LAMPA WISZĄCA GOLD+BLACK+CLEAR+OPAL;2011005986501;197;-
003064-003500;W0454-02A-SDAA RIANO KINKIET GOLD+BLACK+OPAL;2011005986518;18;-
003064-003505;W0454-02D-SDAC RIANO KINKIET GOLD+BLACK+CLEAR;2011005986532;100;-
003064-003520;C0076-05L-F4L9 RAIN LAMPA SUFITOWA ZŁOTA/GOLD;2011005986686;42;-
003064-003522;P0076-05L-F7L9 RAIN LAMPA WISZĄCA ZŁOTA/GOLD;2011005986709;75;-
003064-003526;W0076-01A-B5L9 RAIN KINKIET ZŁOTY/GOLD;2011005986747;11;-
003064-003540;P0454-08D-SDAC RIANO LAMPA WISZĄCA GOLD+BLACK+CLEAR;2011005986525;126;-
003064-003547;P0454-08C-SDGF RIANO LAMPA WISZĄCA GOLD+BLACK+CLEAR+OPAL;2011005986495;208;-
003064-003550;MD1629-5B MONIC LAMPA WISZĄCA MIEDŹ/COPPER;2011005483420;72;-
003064-003551;MD1629-3A MONIC LAMPA WISZĄCA MIEDŹ/COPPER;2011005483307;82;-
003064-003552;MD1629-3B MONIC LAMPA WISZĄCA CHROME;2011005483321;83;-
003064-005284;MD1712-1A-SILVER WIRE LAMPA WISZĄCA SREBRNA/SILVER;2011006019383;0;-
003064-005285;MD1712-1A-BLACK WIRE LAMPA WISZĄCA CZARNA/BLACK;2011006019390;0;-
003064-005286;MD1712-1B-SILVER WIRE LAMPA WISZĄCA SREBRNA/SILVER;2011006019406;0;-
003064-005288;MD1712-1L-SILVER WIRE LAMPA WISZĄCA SREBRNA/SILVER;2011006019420;0;-
003064-005290;20067-WH POLYGON CL 1L SPOT BIAŁY/WHITE;2011006018102;5;-
003064-005291;20068-BK CHUCK DL 2 SQUARE SPOT CZARNY/BLACK;2011006018133;0;-
003064-005292;20069-WH CHUCK DL 4 SQUARE SPOT BIAŁY/WHITE;2011006018140;411;-
003064-005294;50475-CH COLOR SQUARE DL 1 SPOT CHROME;2011006018232;330;-
003064-005295;20077-BK POLYGON CL R SPOT CZARNY/BLACK;2011006018256;0;-
003064-005296;20078-WH/GD DIAMOND WL SPOT BIAŁY-ZŁOTY/WHITE-GOLD;2011006018324;0;-
003064-005300;94361-BK ONEON DL 50-1 SPOT CZARNY/BLACK;2011006018386;543;1008 week 52/2021 |
003064-005301;94361-WH ONEON DL 50-1 SPOT BIAŁY/WHITE;2011006018393;753;-
003064-005302;94362-BK ONEON DL 50-2 SPOT CZARNY/BLACK;2011006018409;336;600 week 52/2021 |
003064-005303;94362-WH ONEON DL 50-2 SPOT BIAŁY/WHITE;2011006018416;396;504 week 52/2021 |
003064-005304;20079-BK OTAN WL S G9 SPOT CZARNY/BLACK;2011006018331;0;-
003064-005305;20080-WH OTAN WL G9 SPOT BIAŁY/WHITE;2011006018362;0;-
003453-006852;Lampa wisząca OVAL RT2103-12;;0;-
003064-007274;P0310-01H-F4GP DONATO LAMPA WISZĄCA;2011004862806;57;29 week 48/2021 | -
003064-007275;P0369-01A-F4GQ PIOLI LAMPA WISZĄCA;2011005469585;0;-
003064-007459;P0386-04A-B5AC GIANNA LAMPA WISZĄCA;2011005470246;0;-
003064-007591;90841 TRANSFER WL KINKIET BIAŁY/WHITE;2011005668575;299;-
003064-007656;MT57054-1A SEDA LAMPA STOŁOWA BIAŁA;2011006050898;0;-
003064-007808;CS-N096-WH PROVO LAMPA STOŁOWA BIAŁA/WHITE;2011006018997;0;-
003064-007809;CS-W088L-M-BL SHELF KINKIET CZARNY/BLACK;2011006019000;0;-
003064-007810;CS-W088L-M-WH SHELF KINKIET BIAŁY/WHITE;2011006019017;16;-
003064-007823;50630 BOX LAMPA SUFITOWA CL G9 RD CZARNA/BLACK;2011004425575;268;-
003064-007848;94364-BK ONEON DL 111-2 SPOT CZARNY/BLACK;2011006018478;426;800 week 52/2021 |
003064-007849;20077-GD POLYGON CL R SPOT ZŁOTY/GOLD;2011006018270;0;-
003064-007851;20077-AL POLYGON CL R SPOT ALU/ALU;2011006018263;127;-
003064-007852;20077-WH POLYGON CL R SPOT BIAŁY/WHITE;2011006018249;0;-
003064-007853;94363-BK ONEON DL 111-1 SPOT CZARNY/BLACK;2011006018430;1112;-
003064-007854;94363-WH ONEON DL 111-1 SPOT BIAŁY/WHITE;2011006018447;321;-
003064-007856;20079-WH OTAN WL S G9 SPOT BIAŁY/WHITE;2011006018348;0;-
003064-007863;20068-WH CHUCK DL 2 SQUARE SPOT BIAŁY/WHITE;2011006018126;239;-
003064-007910;94364-WH ONEON DL 111-2 SPOT BIAŁY/WHITE;2011006018485;26;400 week 52/2021 |
003064-007918;20067-AL POLYGON CL 1L SPOT ALU/ALU;2011006018119;356;-
003064-008036;20067-BK POLYGON CL 1L SPOT CZARNY/BLACK;2011006018096;0;-
003064-008037;20069-BK CHUCK DL 4 SQUARE SPOT CZARNY/BLACK;2011006018157;51;-
003064-008048;PL170855-5 PONTA LAMPA SUFITOWA;2011006019765;126;-
003064-008059;PL170826-6 MERLO LAMPA SUFITOWA;2011006019796;0;150 January 2022 | -
003064-008065;L170221-3 RESINA LAMPA WISZĄCA;2011006019789;0;150 January 2022 | -
003064-008070;CK170901-2 REDON LAMPA SUFITOWA;2011006019949;34;-
003064-008071;CK170901-1 REDON LAMPA SUFITOWA;2011006019932;64;120 January 2022 | -
003064-008072;L170402-6 CLORIN LAMPA WISZĄCA;2011006019673;0;-
003064-008074;PL170511-3 BELLE LAMPA SUFITOWA;2011006019697;0;200 January 2022 | -
003064-008075;PL170514-2 BELLE LAMPA WISZĄCA;2011006019666;0;150 January 2022 | -
003064-008077;CK171206-1 MARTIN LAMPA SUFITOWA;2011006019819;0;216 January 2022 | -
003064-008078;TK171206-2 MARTIN LAMPA SUFITOWA;2011006019826;0;204 January 2022 | -
003064-008079;TK171206-3 MARTIN LAMPA SUFITOWA;2011006019833;0;204 January 2022 | -
003064-008080;TK171206-4 MARTIN LAMPA SUFITOWA;2011006019840;3;-
003064-008081;CK170901-4 REDON LAMPA SUFITOWA;2011006019963;1;-
003064-008086;PL170855-4 PONTA LAMPA SUFITOWA;2011006019772;0;-
003064-008087;L171207-5 MARTIN LAMPA WISZĄCA;2011006019802;32;-
003064-008179;CK170815-1 TOLEDO  LAMPA SUFITOWA;2011006019895;0;168 January 2022 | -
003064-008180;TK170815-2 TOLEDO  LAMPA SUFITOWA;2011006019901;4;108 January 2022 | -
003064-008181;TK170815-3 TOLEDO  LAMPA SUFITOWA;2011006019918;0;108 January 2022 | -
003064-008182;CK170815-4 TOLEDO  LAMPA SUFITOWA;2011006019925;0;104 January 2022 | -
003064-008185;20071-BK BOXY DL 1 SPOT CZARNY/BLACK;2011006018706;1122;-
003064-008186;20071-WH BOXY DL 1 SPOT BIAŁY/WHITE;2011006018690;955;-
003064-008206;20072-WH BOXY DL 2 SPOT BIAŁY/WHITE;2011006018713;0;-
003064-008207;20072-BK BOXY DL 2 SPOT CZARNY/BLACK;2011006018720;0;-
003064-008208;20074-BK BOXY CL 1 SPOT CZARNY/BLACK;2011006018751;35;-
003064-008209;20075-BK BOXY CL 2 SPOT CZARNY/BLACK;2011006018775;344;-
003064-008212;20076-BK BOXY CL 4 SPOT CZARNY/BLACK;2011006018805;0;-
003064-008076;L171209-5 RECTAN  LAMPA WISZĄCA;2011006019710;0;-
003064-008183;CK99603A-3 SPAZIO SPOT;2011005479881;1;108 January 2022 | -
003064-008187;20074-WH BOXY CL 1 SPOT BIAŁY/WHITE;2011006018768;161;-
003064-008211;20076-WH BOXY CL 4 SPOT BIAŁY/WHITE;2011006018799;89;-
003064-008113;DC-6042B BERO LAMPA WISZĄCA;2011006001579;1;-
003064-008210;20075-WH BOXY CL 2 SPOT BIAŁY/WHITE;2011006018782;98;-
003842-008574;Lampa sufitowa DL-C415TXW WiFi || DALEN;2017001927982;0;-
003842-008580;Lampa sufitowa DL-C515TXW || DALEN;2017001928040;0;-
003842-008578;Lampa sufitowa DL-C406T || DALEN;2017001928026;0;-
003842-008581;Lampa biurkowa DL-1X || DALEN;2017001928057;3;-
003842-008575;Lampa sufitowa DL-C319TW WiFi || DALEN;2017001927999;0;-
003842-008579;Lampa sufitowa DL-C515TW || DALEN;2017001928033;0;-
003842-008582;Lampa sufitowa DL-2S Plus (silver) || DALEN;2017001928064;0;-
003842-008576;Lampa sufitowa DL-C319TXW WiFi || DALEN;2017001928002;0;-
003842-008577;Lampa sufitowa DL-C216TW WiFi || DALEN;2017001928019;0;-
003842-008571;Lampa sufitowa DL-C205T || DALEN;2017001927951;0;-
003842-008570;Lampa sufitowa DL-S28TX || DALEN;2017001927944;0;-
003842-008572;Lampa sufitowa DL-C205TX || DALEN;2017001927968;0;-
003842-008569;Lampa sufitowa DL-S28T || DALEN;2017001927937;0;-
003842-008573;Lampa sufitowa DL-C415T || DALEN;2017001927975;0;-
003064-007887;GU16016-3TU-BK GASTER LAMPA SUFITOWA;2011006027418;28;204 week 50/2021 | 300 in production |
003064-007891;P14030C-5 HORTA LAMPA WISZĄCA;2011006027579;0;-
003064-008238;P15079-1F JOSE LAMPA PODŁOGOWA;2011006027647;28;-
003064-007866;P16150-D30 SINES LAMPA WISZĄCA;2011006027609;57;-
003064-007883;P15079-D22 JOSE LAMPA WISZĄCA;2011006027623;0;-
003064-007909;F16026-1T LINO LAMPA STOŁOWA;2011006027890;0;-
003064-007896;G916008-1R NICOLA KINKIET;2011006027746;84;-
003064-007901;CL12029-D40-WH CLARA LAMPA SUFITOWA;2011006027807;56;300 week 50/2021 |
003064-007903;WL243B-3P BRUNO LAMPA WISZĄCA;2011006027968;9;-
003064-007874;R5017002-1R OLTEN KINKIET;2011006027319;19;200 week 50/2021 |
003064-008243;CL13110-D40 LUCIO LAMPA SUFITOWA;2011006027821;0;-
003064-007900;CL12029-D40-BK CLARA LAMPA SUFITOWA;2011006027791;3;300 week 50/2021 |
003064-007898;CL12029-D30-BK CLARA LAMPA SUFITOWA;2011006027777;158;200 week 50/2021 |
003064-008242;CL13110-D60 LUCIO LAMPA SUFITOWA;2011006027838;191;-
003064-007892;CL16157-3 CLOE LAMPA SUFITOWA;2011006027760;0;252 in production |
003064-008236;LED17008-4R BERN LAMPA SUFITOWA;2011006027272;4;-
003064-007897;G916008-5CL NICOLA LAMPA SUFITOWA;2011006027753;192;-
003064-007876;R5017002-5CL OLTEN LAMPA SUFITOWA;2011006027388;76;-
003064-008240;T51S-WH GARITA LAMPA STOŁOWA;2011006027876;1;300 week 50/2021 | 300 in production |
003064-008247;WL16016 NOBLI KINKIET;2011006027845;0;210 week 50/2021 | 255 in production |
003064-007875;R5017002-2S OLTEN LAMPA SUFITOWA;2011006027371;15;200 week 50/2021 |
003064-007899;CL12029-D30-WH CLARA LAMPA SUFITOWA;2011006027784;0;200 week 50/2021 | 300 in production |
003064-007894;G917006-2B BALVE LAMPA SUFITOWA;2011006027722;9;-
003064-007879;P15091-5 CLAMART LAMPA WISZĄCA;2011006027555;0;-
003064-007882;P17106-7 JENA LAMPA SUFITOWA;2011006027531;0;-
003064-007880;LED16046-1R AQUA KINKIET;2011006027227;0;-
003064-007908;F16026 LINO LAMPA PODŁOGOWA;2011006027883;0;300 week 50/2021 | 250 in production |
003064-007906;P15103-1CL-D45 AGGEO LAMPA SUFITOWA;2011006027708;0;250 in production |
003064-008230;GU16016-3TU-WH GASTER LAMPA SUFITOWA;2011006027456;0;204 week 50/2021 | 300 in production |
003064-008231;GU16016-2TU-WH GASTER LAMPA SUFITOWA;2011006027449;0;204 week 50/2021 | 300 in production |
003064-007889;GU16016-1R-WH GASTER KINKIET;2011006027432;19;208 week 50/2021 | 304 in production |
003064-007904;P16151-BK ELSTRA LAMPA WISZĄCA;2011006027517;0;200 week 50/2021 |
003064-007865;P16182-D57 VERTO LAMPA WISZĄCA;2011006027661;226;-
003064-007871;P17084-D20 CUBE LAMPA WISZĄCA;2011006027586;218;-
003064-008232;GU16016-4TU2-WH GASTER LAMPA SUFITOWA;2011006027463;0;200 week 50/2021 | 256 in production |
003064-007864;P17194-3 ALBI LAMPA WISZĄCA;2011006027487;0;250 in production |
003064-007886;GU16016-2TU-BK GASTER LAMPA SUFITOWA;2011006027401;32;204 week 50/2021 | 300 in production |
003064-007890;P14030C HORTA LAMPA WISZĄCA;2011006027562;14;-
003064-007907;P12105-L-5 GIULIO LAMPA WISZĄCA;2011006027944;196;-
003064-007888;GU16016-4TU2-BK GASTER LAMPA SUFITOWA;2011006027425;76;200 week 50/2021 | 252 in production |
003064-007884;P17135 NANCY LAMPA WISZĄCA;2011006027654;0;-
003064-007895;G917006-3R BALVE LAMPA SUFITOWA;2011006027739;137;-
003064-007878;P16151-WH ELSTRA LAMPA WISZĄCA;2011006027524;206;-
003064-008229;LED16032A-1R DRISO KINKIET;2011006027289;0;216 week 50/2021 |
003064-007893;G917006-1R BALVE KINKIET;2011006027715;254;-
003064-007902;CL13077C-4(B) POTOS LAMPA SUFITOWA;2011006027814;0;200 week 50/2021 |
003064-007872;P17212 MARL LAMPA WISZĄCA;2011006027593;92;-
003064-008239;P15079-1T JOSE LAMPA BIURKOWA;2011006027630;40;-
003064-008241;T51S-BK GARITA LAMPA STOŁOWA;2011006027869;0;300 week 50/2021 | 300 in production |
003064-007869;P17194-1W ALBI KINKIET;2011006027470;96;-
003064-008228;LED17008-1R BERN KINKIET;2011006027258;0;-
003064-007905;P16194-BK BLOIS LAMPA WISZĄCA;2011006027494;155;200 week 50/2021 |
003064-008234;LED16032A-3SP DRISO LAMPA SUFITOWA;2011006027302;74;201 week 50/2021 |
003064-007873;P16180A-D44 VERTO LAMPA WISZĄCA;2011006027678;0;-
003064-007885;GU16016-1R-BK GASTER KINKIET;2011006027395;82;208 week 50/2021 | 304 in production |
003064-008235;LED16032A-2TU DRISO LAMPA SUFITOWA;2011006027296;0;204 week 50/2021 |
003064-008528;P0461-09C-B5F4 LOYA LAMPA WISZĄCA CHROME;2011006187761;57;-
003064-008382;P0354-06B-F4QL LUCAS LAMPA WISZĄCA SILVER;2011005666618;75;100 week 52/2021 | -
003064-009161;SL598-CH MILO LAMPA PODŁOGOWA;2011006390611;0;-
003064-009086;PL180407-1 PLATT LAMPA WISZĄCA;2011006297477;0;304 January 2022 | -
003064-009087;PL180407-3 PLATT LAMPA WISZĄCA;2011006297491;0;200 January 2022 | -
003064-009095;CK180113-2 SPARKLES LISTWA;2011006297569;2;-
003064-009106;15010002 LIMA LAMPA WISZĄCA BIAŁA/WHITE;2011006345550;194;-
003064-009107;15010003 LIMA LAMPA WISZĄCA BIAŁA/WHITE;2011006345567;193;-
003064-009108;12080021 BELLIS LAMPA SUFITOWA;2011006345574;251;-
003064-009109;12080022 BELLIS LAMPA SUFITOWA;2011006345581;443;-
003064-009110;12100006-SL SIERRA LAMPA SUFITOWA SREBRNA/SILVER;2011006345604;349;-
003064-009111;12100005-GD SIERRA LAMPA SUFITOWA ZŁOTA/GOLD;2011006345611;0;450 in production | 200 in production | -
003064-009112;12100005-SL SIERRA LAMPA SUFITOWA SREBRNA/SILVER;2011006345628;440;-
003064-009114;12100006-GD SIERRA LAMPA SUFITOWA ZŁOTA/GOLD;2011006345598;0;450 in production | 300 in production | -
003064-009118;P0461-01E-S8S8 ONE LAMPA WISZĄCA BIAŁA/WHITE;2011006377162;10;200 January 2022 | -
003064-009119;P0461-01E-F4F4 ONE LAMPA WISZĄCA CHROME;2011006377179;0;300 January 2022 | -
003064-009120;P0461-01E-F7F7 ONE LAMPA WISZĄCA ZŁOTA/FRENCH GOLD;2011006377186;0;400 January 2022 | -
003064-009121;P0461-09L-B5S8 ONE LAMPA WISZĄCA BIAŁA/WHITE;2011006377193;54;50 January 2022 | -
003064-009122;P0461-09L-B5F4 ONE LAMPA WISZĄCA CHROME;2011006377209;90;50 January 2022 | -
003064-009123;P0461-09L-B5F7 ONE LAMPA WISZĄCA ZŁOTA/FRENCH GOLD;2011006377216;0;20 January 2022 | 50 in production | -
003064-009124;P0461-11L-B5S8 ONE LAMPA WISZĄCA BIAŁA/WHITE;2011006377223;0;50 January 2022 | -
003064-009125;P0461-11L-B5F4 ONE LAMPA WISZĄCA CHROME;2011006377230;35;32 January 2022 | 68 in production | -
003064-009126;P0461-11L-B5F7 ONE LAMPA WISZĄCA ZŁOTA/FRENCH GOLD;2011006377247;4;50 January 2022 | -
003064-009127;W0461-02E-S8S8 ONE KINKIET BIAŁY/WHITE;2011006377254;29;100 January 2022 | -
003064-009128;W0461-02E-F4F4 ONE KINKIET CHROME;2011006377261;0;100 January 2022 | -
003064-009129;W0461-02E-F7F7 ONE KINKIET ZŁOTY/FRENCH GOLD;2011006377278;0;400 January 2022 | -
003064-009130;P0454-08D-SDAA RIANO LAMPA WISZĄCA;2011006377285;63;-
003064-009132;W0461-01A-F4F4 LOYA KINKIET CHROME;2011006377308;101;-
003064-009133;W0461-01A-F7F7 LOYA KINKIET ZŁOTY/FRENCH GOLD;2011006377315;283;-
003064-009134;W0461-01A-S8S8 LOYA KINKIET BIAŁY/WHITE;2011006377322;192;-
003064-009135;W0461-02B-F4F4 LOYA KINKIET CHROME;2011006377339;48;100 January 2022 | -
003064-009136;W0461-02B-S8S8 LOYA KINKIET BIAŁY/WHITE;2011006377346;240;-
003064-009137;W0461-02B-L8L8 LOYA KINKIET CZARNY/BLACK;2011006377353;267;200 January 2022 | -
003064-009138;W0461-02B-F7F7 LOYA KINKIET ZŁOTY/FRENCH GOLD;2011006377360;0;200 January 2022 | -
003064-009159;HP1799-30-BL ATOM LAMPA WISZĄCA;2011006390598;0;-
003064-009139;C0465-05D-B5AC VENTUS LAMPA SUFITOWA;2011006377377;73;99 week 52/2021 | -
003064-009140;P0465-05D-F4AC VENTUS LAMPA WISZĄCA;2011006377384;66;49 week 48/2021 | -
003064-009141;W0465-01B-B5AC VENTUS KINKIET;2011006377391;86;50 week 48/2021 | 100 week 50/2021| -
003064-008339;RLX93410-1 FUSION LAMPA SUFITOWA;2011006161785;221;100 in production | -
003064-009175;P15090A-1W PARIA KINKIET;2011006389875;2;200 week 50/2021 |
003064-009189;CL15008A-3CLA COLTEN LAMPA SUFITOWA;2011006390277;0;-
003064-009176;P18230-D60-BK ALICE LAMPA WISZĄCA;2011006389882;0;300 in production |
003064-009274;P0488-01A-F4AC ROCK LAMPA WISZĄCA;2011006485874;78;-
003064-009295;ACGU10-138 TUBIA SL SPOT BIAŁY/WHITE;2011006489292;0;-
003064-009261;YSC06 CORIA LAMPA WISZĄCA;2011006505206;0;-
003064-009260;YSC04 CEUTA LAMPA WISZĄCA;2011006505190;0;-
003064-009313;P15322A-D30;2011006567884;30;-
003064-009282;ACGU10-133 TUBY SL SPOT CZARNY/BLACK;2011006489230;0;-
003064-009303;AWG9-048 LUXE WL KINKIET CHROM;2011006489582;74;-
003064-009304;AWG9-046 LUXE WL KINKIET BIAŁY/WHITE;2011006489599;6;-
003064-009305;AWG9-047 LUXE WL KINKIET CZARNY/BLACK;2011006489605;0;-
003064-009280;W0488-01A-B5AC ROCK KINKIET;2011006486017;51;50 week 52/2021 | 50 week 50/2021 |
003064-009302;ACGU10-143 MAC SL 2 SPOT CZARNY/BLACK;2011006489681;0;-
003064-009275;P0488-01B-U8AC ROCK LAMPA WISZĄCA;2011006485881;88;-
003064-009298;ACGU10-127 TORI SL 1 DUO SPOT CZARNO-ZŁOTY/BLACK-GOLD;2011006489148;0;-
003064-009277;P0488-03D-B5AC ROCK LAMPA WISZĄCA;2011006485973;28;-
003064-009299;ACGU10-140 MAC SL 1 SPOT BIAŁY/WHITE;2011006489650;12;-
003064-009306;CARACAS CEILING P17200;2011006567846;0;-
003064-009286;ACGU10-131 QUBY SL SPOT CZARNY/BLACK;2011006489216;32;-
003064-009289;ACGU10-136 RONCUB SL SPOT BIAŁY/WHITE;2011006489278;0;-
003064-009288;ACGU10-065 RONBOX SL SPOT CZARNY/BLACK;2011006489643;1;-
003064-009297;ACGU10-126 TORI SL 1 DUO SPOT BIAŁO-ZŁOTY/WHITE-GOLD;2011006489131;0;-
003064-009301;ACGU10-142 MAC SL 2 SPOT BIAŁY/WHITE;2011006489674;0;-
003064-009291;ACGU10-062 RONDUO SL SPOT BIAŁY/WHITE;2011006489612;0;-
003064-009278;P0488-04F-B5AC ROCK LAMPA WISZĄCA;2011006485997;58;-
003064-008383;P0461-01A-K4K4 LOYA LAMPA WISZĄCA ZŁOTA/SHINY GOLD;2011006147376;73;150 January 2022 | 150 in production | -
003064-009300;ACGU10-141 MAC SL 1 SPOT CZARNY/BLACK;2011006489667;17;-
003064-009285;ACGU10-130 QUBY SL SPOT BIAŁY/WHITE;2011006489193;59;-
003064-009283;ACGU10-128 PARC SL SPOT BIAŁY/WHITE;2011006489162;0;-
003064-009287;ACGU10-064 RONBOX SL SPOT BIAŁY/WHITE;2011006489636;0;-
003064-009279;T0488-01A-U8AC ROCK LAMPA STOŁOWA;2011006485898;0;-
003064-009307;P17200-3W CARACAS KINKIET;2011006567853;209;-
003064-009284;ACGU10-129 PARC SL SPOT CZARNY/BLACK;2011006489186;0;-
003064-009290;ACGU10-137 RONCUB SL SPOT CZARNY/BLACK;2011006489285;0;-
003064-009276;P0488-01F-F4AC ROCK LAMPA WISZĄCA;2011006485935;307;-
003064-009294;ACGU10-135 RONTUB SL SPOT CZARNY/BLACK;2011006489254;0;-
003064-009292;ACGU10-063 RONDUO SL SPOT CZARNY/BLACK;2011006489629;4;-
003064-009308;P17266-6 Quito lampa sufitowa;2011006567815;91;-
003064-009309;P18334-D40 Coro lampa wisząca;2011006567976;0;300 week 50/2021 |
003064-009310;EDES TABLE T110810;2011006567969;0;200 week 50/2021 |
003064-009311;Lampa wisząca SANTI P17197-6;2011006567822;71;-
003064-009312;Lampa sufitowa SANTI P17197-6CL;2011006567839;0;-
003064-009314;A153 EVORA LAMPA WISZĄCA;2011006507804;0;-
003064-009315;A153-L EVORA LAMPA WISZĄCA;2011006507811;0;-
003064-009316;A012-S BRAGA LAMPA WISZĄCA;2011006507781;0;-
003064-009317;A044A-L GUARDA LAMPA WISZĄCA;2011006507835;0;-
003064-009318;A044A-S GUARDA LAMPA WISZĄCA;2011006507828;0;-
003064-009319;A146 CHAVEZ LAMPA WISZĄCA;2011006507798;0;-
003064-009443;CL16022-1 BRAVA LAMPA SUFITOWA;2011006390246;0;204 week 50/2021 |
003064-009171;P110839-D30 CASTO LAMPA WISZĄCA;2011006389820;0;-
003064-009320;A093-L MADA LAMPA WISZĄCA;2011006507774;0;-
003064-009174;P15090-5 PARIA LAMPA WISZĄCA;2011006389868;0;200 week 50/2021 |
003064-009186;CL15068SQ-D40 MOA LAMPA SUFITOWA;2011006390239;0;250 in production |
003064-009170;P14071-D35 OVAL LAMPA WISZĄCA;2011006389813;0;-
003064-009178;F18014-GU10-BK TENSO LAMPA PODŁOGOWA;2011006389905;0;200 + 200 week 50/2021 |
003064-009169;P16130A-5 JIL LAMPA WISZĄCA;2011006389806;1;-
003064-009179;F18014-GU10-CHROME TENSO LAMPA PODŁOGOWA;2011006389912;0;-
003064-009177;P749A LIA LAMPA SUFITOWA;2011006389899;37;-
003064-009187;CL16022-3 BRAVA LAMPA SUFITOWA;2011006390253;0;252 in production |
003064-009173;P15090-3 PARIA LAMPA WISZĄCA;2011006389851;23;250 in production |
003064-009182;T18057-WH EXPIR LAMPA STOŁOWA;2011006389967;0;-
003064-009172;P15090-1 PARIA LAMPA WISZĄCA;2011006389844;0;200 week 50/2021 |
003064-009183;CL16086-1PD50-CHROME DALBERT LAMPA WISZĄCA;2011006389974;73;-
003064-009185;CL15068C-D40 MOA LAMPA SUFITOWA;2011006390185;13;250 in production |
003064-009188;CL16022-6 BRAVA LAMPA SUFITOWA;2011006390260;0;200 week 50/2021 |
003064-009269;P0389-01D-F4AC GEM LAMPA WISZĄCA;2011006485614;116;200 week 48/2021 | 43 week 48/2021 | 157 week 50/2021| -
003064-009258;W0480-02B-B5AC ANZIO KINKIET;2011006486215;0;100 week 50/2021| -
003064-009324;P18055 SKIN LAMPA WISZĄCA;2011006389837;22;-
003064-009271;P0389-01D-L7AC GEM LAMPA WISZĄCA;2011006486147;0;100 week 50/2021 |
003064-009322;A001 SINTRA LAMPA WISZĄCA;2011006507767;0;-
003064-009240;P0475-05A-F4AC CORATO LAMPA WISZĄCA;2011006485768;0;-
003064-009001;P14120-1 SILLO LAMPA WISZĄCA;2011006221748;0;256 in production |
003064-009238;17106/2W-CHR AMEDEO KINKIET CHROM/CHROME;2011006485294;385;200 week 51/2021 | -
003064-009249;P0465-05C-F4AC VENTUS LAMPA WISZĄCA;2011006485492;51;22 week 48/2021 | 28 week 51/2021 -
003064-009002;P14120-1-D40 SILLO LAMPA WISZĄCA;2011006221755;0;250 in production |
003064-009323;F074 TREVE LAMPA WISZĄCA;2011006505237;0;-
003064-009234;FC17106/4+1-GLD AMEDEO LAMPA SUFITOWA ZŁOTA/GOLD;2011006485133;471;200 week 51/2021 | -
003064-009247;W0475-02A-F4AC CORATO KINKIET;2011006485867;0;-
003064-009263;YSC23 SORIA LAMPA WISZĄCA;2011006505220;0;-
003064-009246;W0475-02A-F7AC CORATO KINKIET;2011006485850;0;-
003064-009230;P0389-03D-F7AC GEM LAMPA WISZĄCA;2011006485621;0;100 week 52/2021 | -
003064-009231;P0389-03D-F4AC GEM LAMPA WISZĄCA;2011006485638;4;42 week 50/2021 |
003064-009181;T15027-1P MEGAN LAMPA WISZĄCA;2011006389950;174;-
003064-009239;17106/2W-GLD AMEDEO KINKIET ZŁOTY/GOLD;2011006485362;65;200 week 51/2021 | -
003064-009268;P0389-01D-0FD2 GEM LAMPA WISZĄCA;2011006486154;0;99 week 52/2021 | -
003064-009272;P0389-03D-0FD2 GEM LAMPA WISZĄCA;2011006486161;49;-
003064-009237;17106/3+1-CHR AMEDEO LAMPA WISZĄCA CHROM/CHROME;2011006485256;67;220 week 51/2021 | -
003064-009270;P0389-01D-F7AC GEM LAMPA WISZĄCA;2011006485607;27;100 week 48/2021 | 100 week 52/2021 | -
003064-009011;T16079 SALLY LAMPA STOŁOWA;2011006221854;5;200 week 50/2021 |
003064-008338;RLX94775-3 COSI LAMPA SUFITOWA;2011006161792;144;204 week 46/2021 | 102 in production | -
003064-009009;P17247-D40 MELLY LAMPA WISZĄCA;2011006221830;0;-
003064-009010;P17247-1F MELLY LAMPA PODŁOGOWA;2011006221847;0;-
003064-009006;P12082D-D25 IVIA LAMPA WISZĄCA;2011006221793;0;250 in production |
003064-009003;P14120-3 SILLO LAMPA WISZĄCA;2011006221762;141;-
003064-008935;P17127-4 TIFANNY LAMPA WISZĄCA;2011006221816;0;400 week 50/2021 | 230 in production |
003064-009008;P12168I AMY LAMPA WISZĄCA;2011006221823;0;-
003064-009007;P12082D-3 IVIA LAMPA WISZĄCA;2011006221809;12;250 in production |
003064-008205;20073-WH BOXY DL 4 SPOT BIAŁY/WHITE;2011006018737;323;-
003064-008204;20073-BK BOXY DL 4 SPOT CZARNY/BLACK;2011006018744;416;-
003064-009499;Lampa wisząca LORETO P630B;2011006567891;0;-
003064-009503;P110718-D40 MANITO LAMPA WISZĄCA;2011006567808;6;200 week 50/2021 | 300 in production |
003064-009502;Lampa wisząca SURIN P18143A;2011006567860;172;200 week 50/2021 |
003064-009500;Lampa wisząca SURIN P18143B;2011006567877;73;200 week 50/2021 | 250 in production |
003064-009235;17106/4+1-CHR AMEDEO LAMPA WISZĄCA CHROM/CHROME;2011006485140;15;300 week 51/2021 | -
003064-009504;1601 LAMPA BIURKOWA CZARNA/BLACK;2011006524436;0;1620 in production | -
003064-009507;Lampa biurkowa LED H1848;2011006524405;0;1024 in production | -
003064-009509;Lampa biurkowa LED H1869;2011006524382;0;1020 in production | -
003064-009506;H1408S-WH LAMPA BIURKOWA BIAŁA/WHITE;2011006524412;0;600 in production | -
003064-009508;H1633 LAMPA BIURKOWA CZARNA/BLACK;2011006524399;0;1020 in production | -
003064-009505;H1408S-BCK LAMPA BIURKOWA CZARNA/BLACK;2011006524429;0;600 in production | -
003064-009241;P0475-06A-F7AC CORATO LAMPA WISZĄCA;2011006485775;0;-
003064-009262;YSC14 ROTA LAMPA WISZĄCA;2011006505213;0;-
003064-009266;P0491-09A-F4AC CENTAURUS LAMPA WISZĄCA;2011006486062;0;-
003064-009232;P0389-05D-F4AC GEM LAMPA WISZĄCA;2011006485652;7;50 week 50/2021| -
003064-009243;P0475-10C-F7AC CORATO LAMPA WISZĄCA;2011006485799;0;-
003064-009236;17106/4+1-GLD AMEDEO LAMPA WISZĄCA ZŁOTA/GOLD;2011006485249;372;582 week 51/2021 | -
003064-009233;FC17106/4+1-CHR AMEDEO LAMPA SUFITOWA CHROM/CHROME;2011006485126;35;200 week 51/2021 | -
003064-009244;P0475-10C-F4AC CORATO LAMPA WISZĄCA;2011006485805;0;-
003064-009256;P0480-07A-F4AC ANZIO LAMPA WISZĄCA;2011006486192;0;50 week 52/2021 | -
003064-009255;P0480-04A-F4D7 ANZIO LAMPA WISZĄCA;2011006486185;45;50 week 48/2021 | -
003064-009242;P0475-06A-F4AC CORATO LAMPA WISZĄCA;2011006485782;0;-
003064-009273;P0389-05D-F7AC GEM LAMPA WISZĄCA;2011006485645;23;43 week 48/2021 | 57 week 52/2021 | -
003064-009257;P0480-09C-F4AC ANZIO LAMPA WISZĄCA;2011006486208;6;50 week 52/2021 | -
003064-009265;C0491-06A-F7AC CENTAURUS LAMPA SUFITOWA;2011006486048;0;-
003064-009264;C0491-06A-F4AC CENTAURUS LAMPA SUFITOWA;2011006486031;0;-
003064-009259;YSC01 ALMERIA LAMPA WISZĄCA;2011006505183;0;-
003064-009245;P0475-15C-F4AC CORATO LAMPA WISZĄCA;2011006485843;19;-
003064-009254;P0480-04A-F4AC ANZIO LAMPA WISZĄCA;2011006486178;51;50 week 48/2021 | -
003064-009248;C0465-05C-B5AC VENTUS LAMPA SUFITOWA;2011006485485;0;50 week 51/2021 -
003064-009497;Lampa sufitowa ARTIG CL16101;2011006567914;0;201 week 50/2021 |
003842-009511;Lampa sufitowa DL-2Z Plus (gold) || DALEN;2017001928491;2;-
003842-009514;Lampa sufitowa DL-2D Plus (silver) || DALEN;2017001928521;0;-
003842-009518;Lampa sufitowa DL-C519TXW WiFi || DALEN;2017001928569;0;-
003842-009521;Lampa wisząca DL-2S Plus D (gold) || DALEN;2017001928590;0;-
003842-009519;Lampa sufitowa DL-C213T(X)/DL-S28TX || DALEN;2017001928576;0;-
003842-009517;Lampa sufitowa DL-C219T || DALEN;2017001928552;0;-
003842-009512;Lampa sufitowa DL-2D Plus D (silver) || DALEN;2017001928507;1;-
003842-009164;Lampa wisząca DL-2S Plus D (silver) || DALEN;2017001928828;1;-
003842-009516;Lampa sufitowa DL-C219TX || DALEN;2017001928545;1;-
003842-009510;Lampa sufitowa DL-2Z Plus (silver) || DALEN;2017001928484;0;-
003842-009515;Lampa sufitowa DL-2D Plus (gold) || DALEN;2017001928538;1;-
003064-009481;TL-749P-I CELIA LAMPA WISZĄCA;2011006507965;0;-
003064-009921;CK20181015-1 NIASA KINKIET;2011006536200;0;264 January 2022 | -
003064-009922;CK20181015-2 NIASA LAMPA SUFITOWA;2011006536217;0;252 January 2022 | -
003064-009923;CK20181015-3 NIASA LAMPA SUFITOWA;2011006536224;0;252 January 2022 | -
003064-009924;CK20181015-4 NIASA LAMPA SUFITOWA;2011006536231;0;252 January 2022 | -
003064-009479;TL-1061P-B ALISA LAMPA WISZĄCA SREBRNA/SILVER;2011006507941;291;-
003064-009911;L180511-3 HURON LAMPA WISZĄCA;2011006536101;0;-
003064-009485;TL-1060P-A GRADA LAMPA WISZĄCA BIAŁA/WHITE;2011006508009;164;-
003064-009480;TL-770P-C ANITA LAMPA WISZĄCA BIAŁA/WHITE;2011006507958;95;-
003064-009484;TL-1283P-C ARAN LAMPA WISZĄCA SREBRNA/SILVER;2011006507996;141;-
003064-009926;CK180610-2 POSO LAMPA SUFITOWA;2011006536255;0;156 January 2022 | -
003064-009925;CK180610-1 POSO KINKIET;2011006536248;0;168 January 2022 | -
003064-009916;L180619-2 ONTAR LAMPA WISZĄCA;2011006536156;3;-
003064-009927;CK180610-3 POSO LAMPA SUFITOWA;2011006536262;0;156 January 2022 | -
003064-009928;CK180610-4 POSO LAMPA SUFITOWA;2011006536279;0;102 January 2022 | -
003064-009932;CK180612-4 POSO LAMPA SUFITOWA;2011006536354;0;100 January 2022 | -
003064-009929;CK180612-1 POSO KINKIET;2011006536316;0;120 January 2022 | -
003064-009930;CK180612-2 POSO LAMPA SUFITOWA;2011006536323;0;156 January 2022 | -
003064-009931;CK180612-3 POSO LAMPA SUFITOWA;2011006536347;0;108 January 2022 | -
003064-009910;PL170513-2 BELLE LAMPA WISZĄCA;2011006536088;39;-
003064-009912;BL180314 CANTO LAMPA SUFITOWA;2011006536118;0;-
003064-009918;PL180414-3 CHELAN LAMPA WISZĄCA;2011006536170;0;100 January 2022 | -
003064-009914;B180607-2 MALAWI LAMPA SUFITOWA;2011006536132;0;-
003064-009909;PL170856-6 COMET LAMPA SUFITOWA;2011006536064;0;-
003064-009913;B180609-3 MALAWI LAMPA SUFITOWA;2011006536125;0;-
003064-009915;L180621-3 MATANA LAMPA WISZĄCA;2011006536149;0;-
003064-009920;TL180515-2 TINA LAMPA STOŁOWA;2011006536194;0;100 January 2022 | -
003064-009919;PL180414-3A CHELAN LAMPA WISZĄCA;2011006536187;0;-
003064-009917;PL180414-1 CHELAN LAMPA WISZĄCA;2011006536163;0;104 January 2022 | -
003064-010537;RLB94875-1W CLOE KINKIET;2011006699356;373;800 week 46/2021 | 200 in production | -
003064-010523;ACGU10-117 BOX2 PLAFON CZARNY/BLACK;2011006700281;263;-
003064-010524;ACGU10-144 SCOPE1 PLAFON BIAŁY/WHITE;2011006700298;459;-
003064-010528;ACGU10-148 TURY1 PLAFON BIAŁY/WHITE;2011006700335;190;-
003064-010526;ACGU10-146 RONDIA2 PLAFON BIAŁY/WHITE;2011006700311;215;-
003064-010531;ACGU10-151 SCOPY1 PLAFON CZARNY/BLACK;2011006700366;0;210 week 52/2021 |
003064-010529;ACGU10-149 TURY1 PLAFON CZARNY/BLACK;2011006700342;153;-
003064-010522;ACGU10-116 BOX2 PLAFON BIAŁY/WHITE;2011006700274;379;-
003064-009876;ACGU10-114 BOX1 PLAFON BIAŁY/WHITE;2011006700250;81;400 week 52/2021 |
003064-010533;ACGU10-153 BUELL1 PLAFON CZARNY/BLACK;2011006700380;34;-
003064-010530;ACGU10-150 SCOPY1 PLAFON BIAŁY/WHITE;2011006700359;144;-
003064-010527;ACGU10-147 RONDIA2 PLAFON CZARNY/BLACK;2011006700328;237;-
003064-010532;ACGU10-152 BUELL1 PLAFON BIAŁY/WHITE;2011006700373;14;-
003064-010521;ACGU10-115 BOX1 PLAFON CZARNY/BLACK;2011006700267;312;304 week 52/2021 |
003064-010525;ACGU10-145 SCOPE1 PLAFON CZARNY/BLACK;2011006700304;480;-
003064-009493;Lampa sufitowa GUARAN G916006-4S;2011006567952;0;-
003064-009495;Lampa sufitowa GUARAN G916006-2S;2011006567938;1;204 week 50/2021 |
003064-009494;Lampa sufitowa GUARAN G916006-3S;2011006567945;13;200 week 50/2021 |
003064-009496;Kinkiet GUARAN G916006-1R;2011006567921;7;-
003064-009498;Lampa sufitowa ROCHA CL14083-6;2011006567907;0;-
003842-010270;Lampa sufitowa DL-2S Plus (gold) II DALEN;6931056703291;2;-
003064-010589;HP1811A-12-PB CANDEL LAMPA WISZĄCA;2011006692517;0;-
003064-010590;HP1408-F5 VASTO LAMPA PODŁOGOWA;2011006692524;0;-
003064-010934;P0389-05E-F7AC GEM LAMPA WISZĄCA ZŁOTA/GOLD;2011006779669;12;-
003064-010939;C0389-01A-0FD2-PL03 GEM LAMPA SUFITOWA J_ANTYCZNY BRĄZ/L_ANTIQUE BRONZE;2011006779775;163;-
003064-010943;P0488-06L-SEAC ROCK LAMPA WISZĄCA CZARNA+ZŁOTA/MATT BLACK+MATT GOLD;2011006779874;0;50 week 52/2021 | -
003064-010937;C0389-01A-L7AC GEM LAMPA SUFITOWA MIEDŹ/ANTIQUE COPPER;2011006779737;0;-
003064-010945;P0488-12P-F4AC ROCK LAMPA WISZĄCA CHROME;2011006779898;0;50 December 2021 | -
003064-010935;P0389-05E-B5AC GEM LAMPA WISZĄCA CHROME;2011006779676;4;50 week 52/2021 | -
003064-010946;P0488-12P-U8AC ROCK LAMPA WISZĄCA ZŁOTA/MATT GOLD;2011006779904;62;50 week 48/2021 | -
003064-010938;C0389-01A-F4AC GEM LAMPA SUFITOWA CHROME;2011006779751;265;-
003064-010809;C0480-07A-B5AC ANZIO LAMPA SUFITOWA CHROME;2011006779843;55;50 week 48/2021 | 50 week 51/2021 -
003064-010944;W0488-01D-SEAC ROCK KINKIET CZARNY+ZŁOTY/MATT BLACK+MATT GOLD;2011006779881;7;52 week 52/2021 | 98 week 50/2021| -
003064-010940;P0476-01A-B5AC-PL03 SPARK LAMPA WISZĄCA CHROME;2011006779799;0;-
003064-010942;P0488-08L-SEAC ROCK LAMPA WISZĄCA CZARNA+ZŁOTA/MATT BLACK+MATT GOLD;2011006779867;58;-
003064-010936;C0389-01A-F7AC GEM LAMPA SUFITOWA ZŁOTA/GOLD;2011006779713;292;100 week 52/2021 | -
003064-010941;W0476-01A-B5AC SPARK KINKIET CHROME;2011006779805;1;-
003064-010540;RLD931031-3 MERANO LAMPA WISZĄCA;2011006699394;228;200 week 46/2021 | 100 in production | -
003064-011108;P19066A-D38 BRESSO LAMPA WISZĄCA;2011006778655;215;-
003064-011109;P19066A-D28 BRESSO LAMPA WISZĄCA;2011006778662;113;-
003064-011112;P19066B-D30 MOON LAMPA WISZĄCA;2011006778693;31;200 week 50/2021 |
003064-011113;P19066B-D25 MOON LAMPA WISZĄCA;2011006778709;23;200 week 50/2021 |
003064-011110;P19066A-D18 BRESSO LAMPA WISZĄCA;2011006778679;69;-
003064-011111;P19066B-D38 MOON LAMPA WISZĄCA;2011006778686;64;200 week 50/2021 |
003064-011266;P0454-08D-STAC RIANO LAMPA WISZĄCA;2011006931142;33;-
003064-011323;MD1921-4A-CLEAR BASTONI LAMPA WISZĄCA CHROME;2011006930527;10;-
003064-011294;P0389-01D-P7AC GEM LAMPA WISZĄCA CZARNY MAT/MATT BLACK;2011006962368;7;-
003064-011268;P0454-09B-SDGF RIANO LAMPA WISZĄCA;2011006931197;106;-
003064-011273;C0506-06A-B5E3 QUASAR LAMPA SUFITOWA ZŁOTA/GOLD;2011006932903;94;-
003064-011299;P0488-01F-F4HF ROCK LAMPA WISZĄCA ZŁOTA/GOLD;2011006962429;45;-
003064-011263;P0488-01F-U8AC ROCK LAMPA WISZĄCA;2011006931050;0;150 week 50/2021| -
003064-010547;P181603B LIVAR LAMPA WISZĄCA;2011006700151;0;-
003064-011324;MD1921-3B-CLEAR BASTONI LAMPA WISZĄCA CHROME;2011006930534;0;50 week 52/2021 | -
003064-011293;W0488-01E-F4AC ROCK KINKIET CHROME;2011006962344;75;50 week 50/2021| -
003064-011269;W0389-01A-F7AC GEM KINKIET;2011006931210;0;200 January 2022 | -
003064-011260;C0491-06B-F7DY URCHIN LAMPA SUFITOWA;2011006930923;58;99 week 52/2021 | -
003064-011284;P0488-03A-B5FZ ROCK LAMPA WISZĄCA CHROME;2011006962160;17;-
003064-011290;P0509-05D-B5AC FROZE LAMPA WISZĄCA CLEAR;2011006962252;33;-
003064-011257;C0389-03F-F7AC GEM LAMPA SUFITOWA;2011006930893;9;50 in production | 50 in production | -
003064-011301;P0488-03D-B5HF ROCK LAMPA WISZĄCA ZŁOTA/GOLD;2011006962443;8;50 week 52/2021 | -
003064-011280;W0506-02A-B5AC QUASAR KINKIET CHROME;2011006933061;126;46 week 48/2021 | 54 week 50/2021| -
003064-011278;P0506-06A-F4AC QUASAR LAMPA WISZĄCA CHROME;2011006933047;60;-
003064-011443;MD1998A-3BL CONTE LAMPA WISZĄCA CZARNA-BIAŁA/BLACK-WHITE;2011006964188;35;50 in production | -
003064-011300;P0488-03D-B5FZ ROCK LAMPA WISZĄCA CHROME;2011006962436;0;50 week 50/2021| -
003064-011288;P0509-03D-B5AC FROZE LAMPA WISZĄCA CLEAR;2011006962207;19;-
003064-011455;P0454-01D-F7AC RIANO;2011007028773;50;25 week 48/2021 | -
003064-011445;MD1998B-4BL CONTE LAMPA WISZĄCA CZARNA-BIAŁA/BLACK-WHITE;2011006964232;21;-
003064-009046;RLX92175-5 ELLI LAMPA SUFITOWA;2011006345055;120;100 week 46/2021 | 100 in production | -
003064-011282;P0488-01A-F4FZ ROCK LAMPA WISZĄCA CHROME;2011006962016;33;-
003064-011321;MD1921-1-CLEAR BASTONI LAMPA WISZĄCA CHROME;2011006930503;0;152 week 52/2021 | -
003064-011256;C0389-03F-B5AC GEM LAMPA SUFITOWA;2011006930886;102;-
003064-009044;RLD92174-8B VERONA LAMPA WISZĄCA;2011006345031;309;220 week 46/2021 | -
003064-010892;RLD93015-1A GLOSS LAMPA WISZĄCA;2011006779973;26;50 week 46/2021 | -
003064-011417;ARGU10-031 CHIPO DL SPOT BIAŁY/WHITE;2011006935898;892;1000 week 52/2021 |
003064-010546;P181603A LIVAR LAMPA WISZĄCA;2011006700144;0;-
003064-011281;P0491-09F-F4AN URCHIN LAMPA WISZĄCA CHROME;2011006961811;113;20 week 48/2021 | 51 week 48/2021 | -
003064-011267;W0454-02D-STAC RIANO KINKIET;2011006931159;49;-
003064-011440;MD1998-1GL CONTE LAMPA WISZĄCA ZŁOTA-CZARNA-BIAŁA/GOLDEN-BLACK-WHITE;2011006964157;211;-
003064-011322;MB1921-1-CLEAR BASTONI KINKIET CHROME;2011006930510;48;-
003064-011454;P0454-01D-F7AA RIANO;2011007028735;67;-
003064-010893;RLD93054-3 GLOSS LAMPA WISZĄCA;2011006779980;34;50 week 46/2021 | -
003064-009041;RLX92174-8A VERONA LAMPA SUFITOWA;2011006345000;181;220 week 46/2021 | 100 in production | 100 in production | -
003064-011413;ACGU10-158 RONDIP SL SPOT BIAŁY/WHITE;2011006935805;0;500 week 52/2021 |
003064-010538;RLX96437-1M CARPI LAMPA SUFITOWA;2011006699363;139;-
003064-011295;P0389-03D-P7AC GEM LAMPA WISZĄCA CZARNY MAT/MATT BLACK;2011006962375;80;-
003064-011275;P0506-05A-F4E3 QUASAR LAMPA WISZĄCA ZŁOTA/GOLD;2011006932958;119;-
003064-011285;P0488-03A-B5HF ROCK LAMPA WISZĄCA ZŁOTA/GOLD;2011006962177;22;21 week 48/2021 | 29 week 52/2021 | -
003064-011292;P0488-07T-SEAC ROCK LAMPA WISZĄCA CZARNY MAT-ZŁOTY MAT/MATT BLACK-MATT GOLD;2011006962337;3;50 week 51/2021 -
003064-011283;P0488-01A-F4HF ROCK LAMPA WISZĄCA ZŁOTA/GOLD;2011006962153;0;33 week 50/2021 |
003064-009053;RLL94898-2 TWINS LAMPA PODŁOGOWA;2011006345154;455;500 week 46/2021 | -
003064-011258;C0389-05F-B5AC GEM LAMPA SUFITOWA;2011006930909;54;22 in production | -
003064-009042;RLX92174-8B VERONA LAMPA SUFITOWA;2011006345017;200;165 week 46/2021 | 55 week 46/2021 | 100 in production | -
003064-011441;MD1998-1BL CONTE LAMPA WISZĄCA CZARNA-BIAŁA/BLACK-WHITE;2011006964164;156;-
003064-011325;MD1918-1S-CHROME LAZARO LAMPA WISZĄCA CZARNA/BLACK;2011006930541;1;-
003064-011298;P0488-01F-F4FZ ROCK LAMPA WISZĄCA CHROME;2011006962412;160;50 week 48/2021 | 50 week 50/2021| -
003064-011272;C0506-05A-B5AC QUASAR LAMPA SUFITOWA CHROME;2011006932866;68;-
003064-011420;ARGU10-034 CHIPA DL SPOT CZARNY/BLACK;2011006935935;803;-
003064-010539;RLX96437-1L CARPI LAMPA SUFITOWA;2011006699387;133;-
003064-011414;ACGU10-159 RONDIP SL SPOT CZARNY/BLACK;2011006935812;637;-
003064-010548;W188101 AVO LAMPA SUFITOWA;2011006700168;0;-
003064-011416;ACGU10-161 QUARDIP SL SPOT CZARNY/BLACK;2011006935836;2126;-
003064-011271;C0506-05A-B5E3 QUASAR LAMPA SUFITOWA ZŁOTA/GOLD;2011006932781;15;-
003064-011296;P0389-05E-P7AC GEM LAMPA WISZĄCA CZARNY MAT/MATT BLACK;2011006962399;37;-
003064-010340;TS-5805-BKBB ZODIAC LAMPA PODŁOGOWA CZARNA;2011006690872;0;100 week 52/2021 | 100 in production | -
003064-011291;P0488-03K-SEAC ROCK LAMPA WISZĄCA CZARNY MAT-ZŁOTY MAT/MATT BLACK-MATT GOLD;2011006962276;0;50 week 52/2021 | 50 December 2021 | -
003064-011274;C0506-06A-B5AC QUASAR LAMPA SUFITOWA CHROME;2011006932934;68;-
003064-009043;RLD92174-8A VERONA LAMPA WISZĄCA;2011006345024;232;220 week 46/2021 | 100 in production | -
003064-011270;W0389-01A-B5AC GEM KINKIET;2011006931227;0;100 January 2022 | -
003064-011297;C0389-01A-P7AC GEM LAMPA SUFITOWA CZARNY MAT/MATT BLACK;2011006962405;0;200 week 52/2021 | -
003064-011279;W0506-02A-B5E3 QUASAR KINKIET ZŁOTY/GOLD;2011006933054;29;56 week 48/2021 | 44 week 48/2021 | 90 week 52/2021 | -
003064-011326;MD1918-3S-CHROME LAZARO LAMPA WISZĄCA CZARNA/BLACK;2011006930558;33;-
003064-011289;P0509-04C-B5AC FROZE LAMPA WISZĄCA CLEAR;2011006962214;54;-
003064-011442;MD1998A-3GL CONTE LAMPA WISZĄCA ZŁOTA-CZARNA-BIAŁA/GOLDEN-BLACK-WHITE;2011006964171;215;-
003064-011261;P0491-09C-F7DY URCHIN LAMPA WISZĄCA;2011006930992;82;62 week 48/2021 | 100 week 52/2021 | -
003064-011286;W0509-02A-B5AC FROZE KINKIET CLEAR;2011006962184;0;-
003064-010341;TS-010121T-BB SOHO GOLD LAMPA PODŁOGOWA;2011006690919;0;200 week 52/2021 | 195 in production | -
003064-010545;P181601 LIVAR LAMPA WISZĄCA;2011006700137;0;-
003064-011262;P0491-09E-F7DY URCHIN LAMPA WISZĄCA;2011006931036;43;58 week 48/2021 | 74 week 52/2021 | -
003064-011418;ARGU10-032 CHIPO DL SPOT CZARNY/BLACK;2011006935904;580;-
003064-011287;P0509-01D-F4AC FROZE LAMPA WISZĄCA CLEAR;2011006962191;0;-
003064-011444;MD1998B-4GL CONTE LAMPA WISZĄCA ZŁOTA-CZARNA-BIAŁA/GOLDEN-BLACK-WHITE;2011006964225;15;50 in production | -
003064-011259;C0389-05F-F7AC GEM LAMPA SUFITOWA;2011006930916;41;30 in production | -
003064-011415;ACGU10-160 QUARDIP SL SPOT BIAŁY/WHITE;2011006935829;2625;-
003064-011264;P0488-01M-SEAC ROCK LAMPA WISZĄCA;2011006931074;0;150 December 2021 | -
003064-010898;RLD96419-24 TRIM LAMPA WISZĄCA CZARNA/BLACK;2011006780054;0;-
003064-011276;P0506-05A-F4AC QUASAR LAMPA WISZĄCA CHROME;2011006932965;155;-
003064-011419;ARGU10-033 CHIPA DL SPOT BIAŁY/WHITE;2011006935928;0;1000 week 52/2021 |
003064-011277;P0506-06A-F4E3 QUASAR LAMPA WISZĄCA ZŁOTA/GOLD;2011006933009;34;-
003064-011265;W0488-01A-U8AC ROCK KINKIET;2011006931098;172;50 week 52/2021 | 100 week 50/2021| -
003064-010899;RLX96452-1A SLEEK LAMPA SUFITOWA;2011006869391;0;-
003064-010896;RLD96452-1A SLEEK LAMPA WISZĄCA;2011006780023;0;-
003064-010894;RLD93411-1 INDUSTRIAL LAMPA WISZĄCA;2011006779997;0;-
003064-010895;RLD931041-1 COOP LAMPA WISZĄCA;2011006780009;0;-
003064-011588;Lampa sufitrowa SENSI 19157L;2011007081594;257;-
003064-011587;Lampa sufitowa CAPRI 19027-M;2011007081563;217;75 + 51 + -
003064-011591;Lampa sufitowa PARDO 18365L;2011007081600;214;100 + 46 + -
003064-011589;Lampa sufitowa SENSI 19157M;2011007081587;275;-
003064-011590;Lampa sufitowa PARDO 18366;2011007081617;291;50 + -
003064-011586;Lampa sufitowa CAPRI 19027-L;2011007081570;332;50 + -
003064-011453;Q1908 LAMPA BIURKOWA BIAŁA/WHITE;2011006998688;0;600 in production | -
003064-011447;H1746 LAMPA BIURKOWA BIAŁA/WHITE;2011006998572;0;600 in production | -
003064-014360;U8 LAMPA BIURKOWA CZARNA/BLACK;2011007077979;61;-
003064-011449;H1816A LAMPA BIURKOWA CZARNA/BLACK;2011006998602;0;-
003064-014359;U11C LAMPA BIURKOWA CZARNA/BLACK;2011007077948;160;-
003064-011446;H1707 LAMPA BIURKOWA BIAŁA/WHITE;2011006998558;0;-
003064-011448;1112 LAMPA BIURKOWA CHROME;2011006998596;0;600 in production | -
003064-011452;H1927F LAMPA PODŁOGOWA CZARNA/BLACK;2011006998640;0;-
003064-011451;H1833 LAMPA BIURKOWA BIAŁA/WHITE;2011006998633;0;192 + 192 in production | -
003064-011450;H1832 LAMPA BIURKOWA BIAŁA/WHITE;2011006998626;0;-
003064-014361;Q10A LAMPA BIURKOWA BIAŁA/WHITE;2011007077993;0;-
003064-014358;M3A LAMPA BIURKOWA ZŁOTA/GOLD;2011007077931;200;-
003064-016651;19151 CASSIA LAMPA WISZĄCA CHROME;2011007081662;0;-
003064-016654;18144 CASTI LAMPA SUFITOWA CHROME;2011007081693;301;-
003064-016650;19031-M GRESSA LAMPA SUFITOWA CHROME;2011007081655;201;-
003064-016653;18143 CASTI LAMPA SUFITOWA CHROME;2011007081686;303;-
003064-016647;19156L SITANO LAMPA SUFITOWA CHROME;2011007081624;317;-
003064-016655;18096-L MONT LAMPA WISZĄCA CHROME;2011007081709;85;-
003064-016649;19154L TERRE LAMPA SUFITOWA CHROME;2011007081648;264;-
003064-016648;19154M TERRE LAMPA SUFITOWA CHROME;2011007081631;222;-
003064-016652;17013L GRIDO LAMPA SUFITOWA BIAŁA/WHITE;2011007081679;5;-
002177-014401;Lampa stołowa SAMASUN GFRAFIT 5503WH;5903938027277;3;-
002177-014412;Lampa stołowa MERSIN TRANSPARENT 5514BKGO;5903938027260;47;-
002177-014403;Lampa stołowa SAMASUN GFRAFIT 5505BKGO;5903938027291;5;-
002177-014402;Lampa stołowa SAMASUN GFRAFIT 5504BK;5903938027284;11;-
002177-014427;Lampa stołowa BATUMI TRANSPARENT 5529BKGO;5903938027208;14;-
002177-014419;Lampa stołowa ADANA GRAFIT 5521WH;5903938027000;10;-
002177-014417;Lampa stołowa ADANA TRANSPARENT 5519BK;5903938027079;33;-
002177-014429;Lampa stołowa BATUMI GRAFIT 5531BK;5903938027161;21;-
002177-014420;Lampa stołowa ADANA GRAFIT 5522BK;5903938027017;4;-
002177-014411;Lampa stołowa MERSIN TRANSPARENT 5513BK;5903938027253;19;-
002177-014398;Lampa stołowa SAMASUN TRANSPARENT 5500WH;5903938027307;5;-
002177-014430;Lampa stołowa BATUMI GRAFIT 5532BKGO;5903938027178;16;-
002177-014423;Lampa stołowa ADANA KREZLE 5525BK;5903938027048;16;-
002177-014410;Lampa stołowa MERSIN TRANSPARENT 5512WH;5903938027246;16;-
002177-014405;Lampa stołowa AMARSA TRANSPARENT 5507BK;5903938027130;24;-
002177-014400;Lampa stołowa SAMASUN TRANSPARENT 5502BKGO;5903938027321;21;-
002177-014404;Lampa stołowa AMARSA TRANSPARENT 5506WH;5903938027123;16;-
002177-014407;Lampa stołowa AMARSA GRAFIT 5509WH;5903938027093;3;-
002177-014413;Lampa stołowa MERSIN GRAFIT 5515WH;5903938027215;3;-
002177-014408;Lampa stołowa AMARSA GRAFIT 5510BK;5903938027109;2;-
002177-014418;Lampa stołowa ADANA TRANSPARENT 5520BKGO;5903938027086;10;-
002177-014406;Lampa stołowa AMARSA TRANSPARENT 5508BKGO;5903938027147;31;-
002177-014399;Lampa stołowa SAMASUN TRANSPARENT 5501BK;5903938027314;6;-
002177-014426;Lampa stołowa BATUMI TRANSPARENT 5528BK;5903938027192;18;-
002177-014409;Lampa stołowa AMARSA GRAFIT 5511BKGO;5903938027116;0;-
002177-014415;Lampa stołowa MERSIN GRAFIT 5517BKGO;5903938027239;0;-
002177-014425;Lampa stołowa BATUMI TRANSPARENT 5527WH;5903938027185;11;-
002177-014424;Lampa stołowa ADANA KREZLE 5526BKGO;5903938027055;0;-
002177-014416;Lampa stołowa ADANA TRANSPARENT 5518WH;5903938027062;21;-
002177-014422;Lampa stołowa ADANA KREZLE 5524WH;5903938027031;11;-
002177-014414;Lampa stołowa MERSIN GRAFIT 5516BK;5903938027222;0;-
002177-014428;Lampa stołowa BATUMI GRAFIT 5530WH;5903938027154;19;-
002177-014421;Lampa stołowa ADANA GRAFIT 5523BKGO;5903938027024;0;-
002177-016765;Mosiężna puszka rozgałęźna - 2 wyjścia równoległe;5903938027710;0;-
003064-016877;ZUMA.F16026 LINO LAMPA PODŁOGOWA;2017001932733;501;-
004046-016990;Łańcuch LED 4051;2017001933235;169;-
004046-016993;Łańcuch LED 4059;2017001933259;58;-
004046-016999;Łańcuch LED 4063;2017001933761;546;-
004046-016989;Łańcuch LED 4050;2017001933228;349;-
004046-016992;Łańcuch LED 4058;2017001933242;106;-
004046-016995;Łańcuch LED 4061;2017001933273;312;-
004046-016991;Łańcuch LED 4052;5901780540524;357;-
004046-016994;Łańcuch LED 4060;2017001933266;79;-
004046-016996 ;Łańcuch LED 4062;2017001933280;184;-
003064-016822;P0528-01F-V6AC SERGIO LAMPA WISZĄCA ZŁOTA/GOLD;2011007255315;0;98 week 52/2021 | 200 week 50/2021 |
003064-016827;W0528-02B-B5AC SERGIO KINKIET CHROME;2011007255407;31;100 December 2021 | -
003064-016786;P0528-08A-F4AC SERGIO LAMPA WISZĄCA CHROME;2011007192115;103;50 week 48/2021 | 100 week 52/2021 | 100 December 2021 | -
002177-016764;Mosiężna puszka rozgałęźna - 4 wyjścia równoległe;5903938027703;0;-
003064-016847;GU13013C-4B VILA SPOT CZARNY&ZŁOTY/BLACK&GOLD;2011007254905;0;-
002177-016759;PAROS AN2Z;5903938027659;0;-
003064-016821;P0528-01F-F4AC SERGIO LAMPA WISZĄCA CHROME;2011007255308;0;50 week 48/2021 | 47 week 52/2021 | 150 week 50/2021 |
003064-016839;CL20007-8 MEDA LAMPA SUFITOWA CHROM&BIAŁY/CHROME&WHITE;2011007254790;65;-
002177-016767;PERAMA A2810CZ;5903938027734;0;-
002177-016758;PAROS AN1Z;5903938027642;0;-
002177-016770;RAFINA G7 MINT 840 HF;5903938027758;0;-
002177-016735;ALIVERI A14Z;5903938027413;0;-
002177-016760;PAROS AN3/4Z;5903938027666;0;-
002177-016752;KAVALA A72Z;5903938027581;0;-
002177-016740;ALIVERI A67SZ;5903938027468;0;-
003064-016840;G917003A-2W SERPA KINKIET CZARNY/BLACK;2011007254820;4;-
002177-016771;RAFINA G7 840;5903938027765;0;-
003064-016833;CL12029-2CL ELVAS LAMPA SUFITOWA BIAŁA/WHITE;2011007254707;32;-
003064-016829;CL19020-1P-BL PORTO LAMPA WISZĄCA CZARNA/BLACK;2011007253793;0;-
003064-016824;P0528-06H-V6AC SERGIO LAMPA WISZĄCA ZŁOTA/GOLD;2011007255339;0;150 week 50/2021 |
002177-016750;KAVALA A53Z;5903938027567;0;-
002177-016737;ALIVERI A20Z;5903938027437;0;-
003842-014476;Lampa sufitowa DL-C515TX || DALEN;2017001932238;0;-
002177-016757;VOLOS A777KSZ;5903938027635;0;-
003064-016845;GU13013C-2B VILA SPOT CZARNY&ZŁOTY/BLACK&GOLD;2011007254882;20;-
003064-016787;P0528-08A-V6AC SERGIO LAMPA WISZĄCA ZŁOTA/GOLD;2011007192122;33;150 week 52/2021 | 150 December 2021 | -
003064-016783;W0528-01A-V6AC SERGIO KINKIET ZŁOTY/GOLD;2011007192085;0;198 week 52/2021 | 100 in production | -
002177-016761;PAROS AN3/3Z;5903938027673;0;-
003064-016855;DY106-D700 LOTTE LAMPA SUFITOWA BIAŁA-CHROM/WHITE-CHROME;2011007192283;153;25 + -
002177-016768;PERAMA A1380;5903938027741;0;-
003064-016853;DY136-D480 MILA LAMPA SUFITOWA BIAŁA/WHITE;2011007192269;252;40 + -
002177-016763;PAROS AN3/1Z;5903938027697;0;-
002177-016746;THIRA A46Z;5903938027529;0;-
003064-016849;P19106-5 GRANDE LAMPA WISZĄCA CZARNA/BLACK;2011007254929;34;-
003064-016848;P18358A-1F COMBA LAMPA PODŁOGOWA CZARNA/BLACK;2011007254912;0;-
003064-016831;CL19020-4-BL PORTO LAMPA SUFITOWA CZARNA/BLACK;2011007253816;0;-
002177-016742;Oprawa OVAL 25, E27, 75W, mosiądz, klosz przeźroczysty-szkło, IP64, siatka mosiężna;5903938027482;0;-
002177-016741;Oprawa OCZKO 67A, G9, 60W, mosiądz, klosz matowy-szkło, IP64;5903938027475;0;-
002177-016663;Lampa wisząca LA0722/1 - BK - CIRCLE Fi 1100mm dł. linek H2,5m;5903938027390;16;-
002177-016753;KAVALA A94Z;5903938027598;0;-
002177-016754;KAVALA A97Z;5903938027604;0;-
003064-016836;CL20007-1W MEDA KINKIET CHROM&BIAŁY/CHROME&WHITE;2011007254738;1;-
002177-016756;MILOS A56K;5903938027628;0;-
003064-016823;P0528-06H-F4AC SERGIO LAMPA WISZĄCA CHROME;2011007255322;0;100 week 50/2021 |
003064-016782;W0528-01A-B5AC SERGIO KINKIET CHROME;2011007192078;0;120 week 52/2021 | 80 week 50/2021| 200 December 2021 | -
002177-016744;THIRA A17Z;5903938027505;0;-
003064-016852;DY163-D510 HARM LAMPA SUFITOWA BIAŁA-CHROM/WHITE-CHROME;2011007192214;196;40 + -
002177-016745;THIRA A47Z;5903938027512;0;-
003064-016850;P19106-1W GRANDE KINKIET CZARNY/BLACK;2011007254936;52;-
002177-016762;PAROS AN3/2Z;5903938027680;0;-
003064-016835;CL20004-6 LIXA LAMPA SUFITOWA CHROME;2011007254721;1;-
003064-016832;CL19020-6-BL PORTO LAMPA SUFITOWA CZARNA/BLACK;2011007253823;79;-
003064-016841;G917003A-4CL SERPA LAMPA SUFITOWA CZARNA/BLACK;2011007254837;16;-
003064-016851;DY163-D400 HARM LAMPA SUFITOWA BIAŁA-CHROM/WHITE-CHROME;2011007192207;93;30 + -
002177-016738;ALIVERI A66Z;5903938027444;0;-
002177-016766;PERAMA A1160CZ;5903938027727;0;-
003064-016826;W0528-01F-V6AC SERGIO KINKIET ZŁOTY/GOLD;2011007255391;1;200 December 2021 | -
003842-016808;Lampa sufitowa DL-C515T || DALEN;2017001940899;0;-
002177-016748;KAVALA A15NZ;5903938027543;0;-
003064-016834;CL20004-3 LIXA LAMPA SUFITOWA CHROME;2011007254714;0;-
002177-016659;Lampa wisząca LA0717/1 - WH - CIRCLE Fi 1100mm dł. linek H2,5m;5903938027352;8;-
003064-016830;CL19020-1W-BL PORTO KINKIET CZARNY/BLACK;2011007253809;0;-
003064-016838;CL20007-5 MEDA LAMPA SUFITOWA CHROM&BIAŁY/CHROME&WHITE;2011007254783;0;-
002177-016661;Lampa wisząca LA0721/1 - BK - CIRCLE Fi 780mm dł. linek H2,5m;5903938027376;6;week 38/2021 |
003064-016825;W0528-01F-F4AC SERGIO KINKIET CHROME;2011007255384;26;150 December 2021 | -
002177-016739;ALIVERI A67Z;5903938027451;0;-
003064-016842;G917003A-6CL SERPA LAMPA SUFITOWA CZARNA/BLACK;2011007254844;27;-
002177-016736;ALIVERI A14SZ;5903938027420;0;-
003842-014477;Lampa sufitowa DL-C415TX|| DALEN;2017001931736;0;-
003064-016846;GU13013C-3R VILA SPOT CZARNY&ZŁOTY/BLACK&GOLD;2011007254899;0;-
003064-016844;GU13013C-1R  VILA SPOT CZARNY&ZŁOTY/BLACK&GOLD;2011007254875;0;-
002177-016747;THIRA A57Z;5903938027536;0;-
002177-016749;KAVALA A43Z;5903938027550;0;-
003064-016854;DY106-D520 LOTTE LAMPA SUFITOWA BIAŁA-CHROM/WHITE-CHROME;2011007192276;55;40 + -
003064-016837;CL20007-3 MEDA LAMPA SUFITOWA CHROM&BIAŁY/CHROME&WHITE;2011007254776;3;-
003064-016785;P0528-03A-V6AC SERGIO LAMPA WISZĄCA ZŁOTA/GOLD;2011007192108;30;35 week 48/2021 | 64 week 52/2021 | 36 week 50/2021| 100 December 2021 | -
003064-016819;C0528-05H-F4AC SERGIO LAMPA SUFITOWA CHROME;2011007255285;0;50 week 52/2021 | 100 week 50/2021 |
003064-016856;DY111-D800 FRAN LAMPA SUFITOWA BIAŁO-SREBRNO-SZARA/WHITE-SILVER-GRAY;2011007192290;130;-
003064-016820;C0528-05H-V6AC SERGIO LAMPA SUFITOWA ZŁOTA/GOLD;2011007255292;0;50 week 52/2021 | 150 December 2021 | -
003064-016828;W0528-02B-V6AC SERGIO KINKIET ZŁOTY/GOLD;2011007255414;0;400 December 2021 | -
002177-016751;KAVALA A63Z;5903938027574;0;-
002177-016657;Lampa wisząca LA0716/1 - WH - CIRCLE Fi 780mm dł. linek H2,5m;5903938027338;16;-
003064-016843;G917003A-5TUP SERPA LAMPA SUFITOWA CZARNA/BLACK;2011007254851;0;-
003064-016784;P0528-03A-F4AC SERGIO LAMPA WISZĄCA CHROME;2011007192092;6;100 week 52/2021 | 100 December 2021 | -
002177-016743;THIRA A44Z;5903938027499;0;-
003064-017061;H-20038-BK RONDOC SPOT CZARNY/BLACK;2011007155943;256;-
003064-017071;H-20068-WH CHUCK DL2 SQUARE SPOT BIAŁY/WHITE;2011007156063;0;-
003064-017068;H-92700 CHUCK DL ROUND SPOT CZARNY/BLACK;2011007156032;308;-
003064-017064;H-89200-BK QUADRO SPOT CZARNY/BLACK;2011007155974;305;-
003064-017074;H-20016-BK TORI SL3 SPOT CZARNY/BLACK;2011007156094;2;-
003064-017073;H-20016-WH TORI SL3 SPOT BIAŁY/WHITE;2011007156087;1496;-
003064-017069;H-92704 CHUCK DL SQUARE SPOT CZARNY/BLACK;2011007156049;61;-
003064-017067;H-92699 CHUCK DL ROUND SPOT BIAŁY/WHITE;2011007156018;0;-
003064-017072;H-20068-BK CHUCK DL2 SQUARE SPOT CZARNY/BLACK;2011007156070;0;-
003064-017063;H-89201 RONDOO SPOT CZARNY/BLACK;2011007155967;1372;-
003064-017070;H-92703 CHUCK DL SQUARE SPOT BIAŁY/WHITE;2011007156056;187;-
003064-017062;H-45519 RONDOO SPOT BIAŁY/WHITE;2011007155950;1910;-
003064-017060;H-20038-WH RONDOC SPOT BIAŁY/WHITE;2011007155912;2375;-
003064-017065;H-89200-WH QUADRO SPOT BIAŁY/WHITE;2011007155981;717;-
003064-017066;H-50475-BK SQUARE SPOT CZARNY/BLACK;2011007155998;597;-
003842-000001;Pilot Dalen;2017001935161;0;-
003064-012858;P0461-01A-P7P7 LOYA LAMPA WISZĄCA;2011007108833;0;100 January 2022 | -
003064-019212;W0461-02E-P7P7 ONE KINKIET CZARNY/BLACK;2011007307229;0;-
003064-019211;W0461-02B-P7P7 LOYA KINKIET CZARNY/BLACK;2011007307144;0;50 January 2022 | -
003064-019910;P0461-01E-P7P7 ONE LAMPA WISZĄCA CZARNA/BLACK;2011007307236;0;400 January 2022 | -
003064-019922;P0461-09L-P7P7 (B5P7) ONE LAMPA WISZĄCA CZARNA/BLACK;2011007307212;0;-
003064-020079;ARGU10-039 RONDOO DL ROUND PLAFON CZARNY/BLACK;2011007307533;373;-
003064-011302;P0491-09D-F7AC URCHIN LAMPA WISZĄCA;2011007011638;0;80 December 2021 | -
003064-020078;ARGU10-038 RONDOO DL ROUND PLAFON BIAŁY/WHITE;2011007307526;202;-
003064-020083;ARGU10-043 ONEON DL ROUND 50-2 PLAFON CZARNY/BLACK;2011007307724;327;-
003064-020094;W0461-01A-K4K4 LOYA KINKIET ZŁOTY/GOLD;2011007307120;0;-
003064-020095;W0461-01A-L8L8 LOYA KINKIET CZARNY/BLACK;2011007307137;72;-
003064-020085;ARGU10-045 ONEON DL ROUND 111-1 PLAFON CZARNY/BLACK;2011007307748;426;-
003064-020081;ARGU10-041 RONDOO DL SQUARE PLAFON CZARNY/BLACK;2011007307557;339;-
003064-020076;W0461-01A-P7P7 (STP7) LOYA KINKIET CZARNY/BLACK;2011007307151;61;-
003064-020082;ARGU10-042 ONEON DL ROUND 50-1 PLAFON BIAŁY/WHITE;2011007307717;298;-
003064-020080;ARGU10-040 RONDOO DL SQUARE PLAFON BIAŁY/WHITE;2011007307540;357;-
003064-019084;RLX92175-5R ELLI LAMPA SUFITOWA CHROME;2011007250822;17;100 in production | -
003064-020084;ARGU10-044 ONEON DL ROUND 111-1 PLAFON BIAŁY/WHITE;2011007307731;435;-
003064-020077;P0461-09C-P7P7 (B5P7) LOYA LAMPA WISZĄCA CZARNA/BLACK;2011007307168;39;-
003064-019921;W0461-02B-K4K4 LOYA KINKIET ZŁOTY/GOLD;2011007307113;0;100 January 2022 | -
003064-019160;Lampa podłogowa INGA H06-GD-BL;5903938027789;28;-
003064-019159;Lampa podłogowa INGA H06-GD-GR;5903938027772;37;-
003064-019161;Lampa podłogowa INGA H06-GD-BK;5903938027796;10;-
003064-020124;PL200910-600-SL CARLO LAMPA WISZĄCA SREBRNA/SILVER;2011007314241;21;100 in production | -
003064-020121;PL200910-600-GD CARLO LAMPA WISZĄCA ZŁOTA/GOLD;2011007314180;0;100 in production | -
003064-020122;PL200910-400-SL CARLO LAMPA WISZĄCA SREBRNA/SILVER;2011007314197;104;-
003064-020123;PL200910-500-SL CARLO LAMPA WISZĄCA SREBRNA/SILVER;2011007314234;120;-
003064-020120;PL200910-500-GD CARLO LAMPA WISZĄCA ZŁOTA/GOLD;2011007314173;53;-
003064-020119;PL200910-400-GD CARLO LAMPA WISZĄCA ZŁOTA/GOLD;2011007314166;6;100 in production | -
003064-019085;RLX92175-6R ELLI LAMPA SUFITOWA CHROME;2011007250839;16;100 in production | -
003064-018119;H-50475-WH SQUARE SPOT BIAŁY/WHITE;2017001939329;860;-
003064-021035;L.RLL94898-2 TWINS LAMPA PODŁOGOWA ramiona z oprawkami i przewodem;;463;500 week 46/2021 | -
003064-020114;19058P FORE LAMPA WISZĄCA SREBRNY/SILVER;2011007344811;73;-
003064-020115;19051M(CH) PARO LAMPA SUFITOWA CHROME;2011007344859;88;-
003064-020116;19051M(GD) PARO LAMPA SUFITOWA ZŁOTA/GOLD;2011007344866;117;-
003064-020117;19051CH-P PARO LAMPA WISZĄCA CHROME;2011007344873;87;-
003064-020118;19051GD-P PARO LAMPA WISZĄCA ZŁOTA/GOLD;2011007344880;104;-
003064-020086;C0525-05A-P7D7 NAICA LAMPA SUFITOWA ZŁOTA&CZARNA/GOLD&BLACK;2011007388754;0;-
003064-020087;P0525-04A-P7D7 NAICA LAMPA WISZĄCA ZŁOTA&CZARNA/GOLD&BLACK;2011007388778;0;-
003064-020096;P0531-01A-F4AC ORE LAMPA WISZĄCA CHROME;2011007388655;0;76 week 48/2021 | -
003064-020097;P0531-04B-B5AC ORE LAMPA WISZĄCA CHROME;2011007388662;33;-
003064-020098;P0531-06C-B5AC ORE LAMPA WISZĄCA CHROME;2011007388679;41;-
003064-020099;C0523-04A-U8AC PALACE LAMPA SUFITOWA ZŁOTA/GOLD;2011007388716;66;-
003064-020100;P0523-08A-U8AC PALACE LAMPA WISZĄCA ZŁOTA/GOLD;2011007388723;57;47 week 48/2021 | -
003064-020101;W0523-01A-U8AC PALACE KINKIET ZŁOTY/GOLD;2011007388730;112;94 week 48/2021 | -
003064-020102;C0525-05A-V6B5 NAICA LAMPA SUFITOWA ZŁOTA/GOLD;2011007388747;7;-
003064-020103;P0525-04A-F4V6 NAICA LAMPA WISZĄCA ZŁOTA/GOLD;2011007388761;23;-
003064-020104;C0535-05B-F4AC GLADIUS LAMPA SUFITOWA CHROME;2011007388792;2;-
003064-020105;C0535-05B-F4J7 GLADIUS LAMPA SUFITOWA ZŁOTA/GOLD;2011007388808;0;-
003064-020106;P0535-05B-F4AC GLADIUS LAMPA WISZĄCA CHROME;2011007388815;0;-
003064-020107;P0535-05B-F4J7 GLADIUS LAMPA WISZĄCA ZŁOTA/GOLD;2011007388822;0;-
003064-020108;W0535-01B-B5AC GLADIUS KINKIET CHROME;2011007388839;19;-
003064-020109;W0535-01B-B5J7 GLADIUS KINKIET ZŁOTY/GOLD;2011007388846;0;-
003064-020110;C0539-06A-F4AC STAR LAMPA SUFITOWA CHROME;2011007388853;2;-
003064-020111;C0539-06A-F7DY STAR LAMPA SUFITOWA ZŁOTA/GOLD;2011007388860;12;-
003064-020112;P0539-06A-F4AC STAR LAMPA WISZĄCA CHROME;2011007388884;0;-
003064-020113;P0539-06A-F7DY STAR LAMPA WISZĄCA ZŁOTA/GOLD;2011007388891;0;-
003064-021942;P0461-11L-P7SD ONE LAMPA WISZĄCA CZARNY MAT+ZŁOTA/MATT BLACK+FRENCH GOLD;2011007473948;0;100 January 2022 | -
003064-021952;20034-WH TUBO WL KINKIET BIAŁY/WHITE;2011007480663;431;-
003064-021957;ACGU10-183 MASTER 111-2-SL SPOT BIAŁY/WHITE;2011007480731;327;-
003064-021935;C0461-09C-B5F4 LOYA LAMPA SUFITOWA CHROME;2011007473849;0;100 January 2022 | -
003064-021947;W0528-02M-B5AC SERGIO KINKIET CHROME;2011007474006;0;196 week 50/2021| -
003064-021956;ACGU10-181 MASTER 111 SL SPOT CZARNY/BLACK;2011007480724;314;-
003064-021934;W0461-03N-P7SD LOYA KINKIET CZARNO-ZŁOTY/BLACK-FRENCH GOLD;2011007473818;0;100 January 2022 | -
003064-021945;W0528-02N-V6AC SERGIO KINKIET ZŁOTY MAT/MATT GOLD;2011007473986;0;200 week 51/2021 -
003064-021939;C0461-11C-P7SD LOYA LAMPA SUFITOWA CZARNY MAT+ZŁOTA/MATT BLACK+FRENCH GOLD;2011007473917;0;100 January 2022 | -
003064-021940;C0461-11C-S8S8 LOYA LAMPA SUFITOWA BIAŁY MAT/MATT WHITE;2011007473924;0;100 January 2022 | -
003064-021954;ARGU10-066 MOONING SL SPOT CZARNY/BLACK;2011007480885;432;-
003064-021941;P0461-09L-P7SD ONE LAMPA WISZĄCA CZARNY MAT+ZŁOTA/MATT BLACK+FRENCH GOLD;2011007473931;0;100 January 2022 | -
003064-021933;P0461-11A-P7SD LOYA LAMPA WISZĄCA CZARNY MAT+ZŁOTA/MATT BLACK+FRENCH GOLD;2011007473771;0;100 January 2022 | -
003064-021944;W0528-02N-B5AC SERGIO KINKIET CHROME;2011007473979;0;200 week 51/2021 -
003064-021946;W0528-02N-F7AC SERGIO KINKIET ZŁOTY/FRENCH GOLD;2011007473993;0;200 week 51/2021 -
003064-021949;W0528-02M-F7AC SERGIO KINKIET ZŁOTY/FRENCH GOLD;2011007474020;0;197 week 50/2021| -
003064-021937;C0461-09C-S8S8 LOYA LAMPA SUFITOWA BIAŁY MAT/MATT WHITE;2011007473894;0;100 January 2022 | -
003064-021950;ARGU10-054 CHUCK 111 SL ROUND SPOT BIAŁY/WHITE;2011007480687;437;-
003064-021958;ACGU10-184 MASTER 111-2-SL SPOT CZARNY/BLACK;2011007480748;327;-
003064-021953;ARGU10-052 MOONING SL SPOT BIAŁY/WHITE;2011007480878;422;-
003064-021943;W0461-03L-P7SD ONE KINKIET ZŁOTY/FRENCH GOLD;2011007473955;0;100 January 2022 | -
003064-021932;P0461-09C-P7SD LOYA LAMPA WISZĄCA CZARNY MAT+ZŁOTA/MATT BLACK+FRENCH GOLD;2011007472293;0;100 January 2022 | -
003064-021951;ARGU10-055 CHUCK 111 SL ROUND SPOT CZARNY/BLACK;2011007480694;349;-
003064-021936;C0461-09C-P7SD LOYA LAMPA SUFITOWA CZARNY MAT+ZŁOTA/MATT BLACK+FRENCH GOLD;2011007473887;0;100 January 2022 | -
003064-021955;ACGU10-180 MASTER 111 SL SPOT BIAŁY/WHITE;2011007480700;314;-
003064-021938;C0461-09C-P7P7 LOYA LAMPA SUFITOWA CZARNY MAT/MATT BLACK;2011007473900;0;100 January 2022 | -
003064-021948;W0528-02M-V6AC SERGIO KINKIET ZŁOTY MAT/MATT GOLD;2011007474013;0;198 week 50/2021| -
003064-021959;PL210503-800-BK CARLO LAMPA WISZĄCA CZARNY MAT/MATTE BLACK;;0;
003064-021962;PL210503-800-GD CARLO LAMPA WISZĄCA ZŁOTA/GOLD;;0;
003064-021964;PL210503-800+1200-GD CARLO LAMPA WISZĄCA ZŁOTA/GOLD;;0;
003064-021963;PL210503-1200-GD CARLO LAMPA WISZĄCA ZŁOTA/GOLD;;0;
003064-021961;PL210503-800+1200-BK CARLO LAMPA WISZĄCA CZARNY MAT/MATTE BLACK;;0;
003064-021960;PL210503-1200-BK CARLO LAMPA WISZĄCA CZARNY MAT/MATTE BLACK;;0;
003064-022214;C0531-01A-F4AC ORE LAMPA SUFITOWA;;0;50 January 2022 |
003064-022277;495 TESSA LAMPA PODŁOGOWA;;0;
003064-022276;5131 TESSA LAMPA PODŁOGOWA;;0;
003064-022270;3062 MANGRI LAMPA PODŁOGOWA;;0;
003064-022275;5130 TESSA LAMPA PODŁOGOWA;;0;
002898-022179;OPR.OŚWIET.AMPLI Z-6 CZARNY I ZŁOTY 6221Z-H02-06;5900108047752;20;
003064-022271;3067 KALAIYA LAMPA PODŁOGOWA;;0;
003064-022273;3112 NALLU LAMPA PODŁOGOWA;;0;
002898-022181;OPR.OŚWIET.AMPLI K-1 CZARNY I ZŁOTY 6223K-H02-06;5900108047776;20;
002898-022182;OPR.OŚWIET.ROCCO Z-3 ZŁOTY 6231Z-H06;5900108047790;18;
002898-022178;OPR.OŚWIET.AMPLI Z-8 CZARNY I ZŁOTY 6220Z-H02-06;2017001942787;18;
003064-022267;3060 MANGRI LAMPA PODŁOGOWA ;;0;
003064-022274;3130 NALLU LAMPA PODŁOGOWA;;0;
002898-022180;OPR.OŚWIET.AMPLI K-2 CZARNY I ZŁOTY 6222K-H02-06;5900108047769;20;
003064-022272;3092 KALAIYA LAMPA PODŁOGOWA;;0;
